[{"name":"Abano Terme","id":364},{"name":"Abbadia Lariana","id":365},{"name":"Abbasanta","id":366},{"name":"Abbiategrasso","id":367},{"name":"Acate","id":368},{"name":"Acciano","id":369},{"name":"Acerra","id":370},{"name":"Acireale","id":371},{"name":"Acqua Acetosa","id":372},{"name":"Acquafredda","id":1},{"name":"Acquamela","id":373},{"name":"Acquanegra Cremonese","id":374},{"name":"Acquappesa","id":2},{"name":"Acquasparta","id":5453},{"name":"Acquaviva Casteltermini","id":376},{"name":"Acquaviva Delle Fonti","id":377},{"name":"Acquedolci-S.Fratello","id":2499},{"name":"Acqui Terme","id":188},{"name":"Adria","id":378},{"name":"Africo Nuovo","id":4},{"name":"Agliano Castelnuovo Calcea","id":379},{"name":"Agognate","id":3252},{"name":"Agrigento Bassa","id":383},{"name":"Agrigento Centrale","id":384},{"name":"Agropoli Castellabate","id":5},{"name":"Aielli","id":386},{"name":"Airasca","id":387},{"name":"Airole","id":189},{"name":"Airuno","id":388},{"name":"Ala","id":389},{"name":"Alanno","id":390},{"name":"Alano Fener Valdobbiadene","id":391},{"name":"Alassio","id":190},{"name":"Alba","id":392},{"name":"Alba Adriatica-Nereto-Controguerra","id":393},{"name":"Albacina","id":394},{"name":"Albairate-Vermezzo","id":779},{"name":"Albano Di Lucania","id":395},{"name":"Albano Laziale","id":396},{"name":"Albano S.Alessandro","id":397},{"name":"Albanova","id":398},{"name":"Albaredo","id":399},{"name":"Albate-Trecallo","id":401},{"name":"Albenga","id":191},{"name":"Albinia","id":404},{"name":"Albisola","id":192},{"name":"Albizzate Solbiate Arno","id":405},{"name":"Albonese","id":406},{"name":"Albuzzano","id":407},{"name":"Alcamo Diramazione","id":409},{"name":"Alcantara","id":410},{"name":"Alessandria","id":193},{"name":"Alfedena-Scontrone","id":411},{"name":"Alfonsine","id":412},{"name":"Ali' Terme","id":413},{"name":"Alice Belcolle","id":414},{"name":"Allerona-Castel Viscardo","id":415},{"name":"Alpignano","id":416},{"name":"Altamura","id":418},{"name":"Altare","id":196},{"name":"Altavilla Irpina","id":419},{"name":"Altavilla Milicia","id":420},{"name":"Altavilla Tavernelle","id":421},{"name":"Altopascio","id":422},{"name":"Alviano","id":423},{"name":"Amantea","id":8},{"name":"Ambivere Mapello","id":424},{"name":"Amendolara Oriolo","id":9},{"name":"Amorosi Melizzano","id":427},{"name":"Anagni-Fiuggi","id":428},{"name":"Ancona","id":429},{"name":"Ancona Stadio","id":1096},{"name":"Ancona Torrette","id":3473},{"name":"Anconetta","id":3365},{"name":"Andora","id":4503},{"name":"Angri","id":431},{"name":"Anguillara","id":432},{"name":"Anna'","id":1310},{"name":"Annone Veneto","id":3466},{"name":"Antignano","id":434},{"name":"Antrodoco Borgo Velino","id":435},{"name":"Antrodoco Centro","id":436},{"name":"Anversa-Villalago-Scanno","id":437},{"name":"Anzano Del Parco","id":438},{"name":"Anzio","id":439},{"name":"Anzio Colonia","id":440},{"name":"Anzola Dell'Emilia","id":441},{"name":"Aosta","id":442},{"name":"Aosta Istituto","id":3501},{"name":"Aosta Viale Europa","id":3502},{"name":"Apice S.Arcangelo Bonito","id":443},{"name":"Appiano","id":3428},{"name":"Apricena","id":444},{"name":"Aprilia","id":445},{"name":"Aragona Caldare","id":448},{"name":"Arbia","id":449},{"name":"Arbostella","id":2110},{"name":"Arce","id":450},{"name":"Arcene","id":3594},{"name":"Arcisate","id":451},{"name":"Arcola","id":452},{"name":"Arcore","id":453},{"name":"Ardenno Masino","id":455},{"name":"Ardore","id":10},{"name":"Arechi","id":2115},{"name":"Arena Po","id":457},{"name":"Arenzano","id":198},{"name":"Arezzo","id":458},{"name":"Argenta","id":459},{"name":"Ariano Irpino","id":460},{"name":"Arona","id":461},{"name":"Arpino","id":462},{"name":"Arqua'","id":463},{"name":"Arquata Scrivia","id":199},{"name":"Arsoli","id":464},{"name":"Artegna","id":465},{"name":"Arvier","id":466},{"name":"Ascea","id":11},{"name":"Asciano","id":467},{"name":"Asciano Monte Oliveto Maggiore","id":468},{"name":"Ascoli Piceno","id":469},{"name":"Ascoli Satriano","id":470},{"name":"Asola","id":472},{"name":"Assemini","id":473},{"name":"Assemini Carmine","id":3052},{"name":"Assemini S.Lucia","id":3051},{"name":"Assisi","id":474},{"name":"Asti","id":475},{"name":"Attigliano-Bomarzo","id":476},{"name":"Augusta","id":480},{"name":"Aulla Lunigiana","id":3587},{"name":"Avellino","id":483},{"name":"Aversa","id":484},{"name":"Avezzano","id":485},{"name":"Aviano","id":486},{"name":"Avigliana","id":487},{"name":"Avigliano Lucania","id":488},{"name":"Avio","id":489},{"name":"Avise","id":490},{"name":"Avola","id":491},{"name":"Badesse","id":564},{"name":"Badia Polesine","id":565},{"name":"Badolato","id":12},{"name":"Bagheria","id":566},{"name":"Bagnacavallo","id":567},{"name":"Bagnara","id":13},{"name":"Bagnaria Arsa","id":568},{"name":"Bagnasco","id":569},{"name":"Bagni Di Lucca","id":570},{"name":"Bagni Di Tivoli","id":572},{"name":"Bagnoli Agnano Terme","id":573},{"name":"Bagnolo Mella","id":576},{"name":"Baiano Di Spoleto","id":577},{"name":"Balangero","id":5043},{"name":"Balanzano","id":5439},{"name":"Baldichieri-Tigliole","id":578},{"name":"Balestrate","id":579},{"name":"Balsorano","id":580},{"name":"Balvano Ricigliano","id":3348},{"name":"Balzola","id":581},{"name":"Bandito","id":583},{"name":"Baragiano-Ruoti","id":584},{"name":"Baranello","id":585},{"name":"Barberino Di Val D'Elsa","id":587},{"name":"Barbianello","id":588},{"name":"Barbiano","id":589},{"name":"Barcellona-Castroreale","id":591},{"name":"Bardonecchia","id":593},{"name":"Barga Gallicano","id":594},{"name":"Bari Centrale","id":595},{"name":"Bari Loseto","id":3234},{"name":"Bari Palese Macchie","id":555},{"name":"Bari Parco Sud","id":557},{"name":"Bari S.Rita","id":3233},{"name":"Bari S.Spirito","id":560},{"name":"Bari Torre A Mare","id":562},{"name":"Bari Torre Quetta","id":2699},{"name":"Bari Villaggio Del Lavoratore","id":2468},{"name":"Bari Zona Industriale","id":563},{"name":"Baricetta","id":596},{"name":"Barile","id":597},{"name":"Barletta","id":598},{"name":"Baronissi","id":599},{"name":"Basiliano","id":601},{"name":"Bassano Del Grappa","id":602},{"name":"Bassano Romano","id":604},{"name":"Bastia","id":605},{"name":"Battaglia Terme","id":608},{"name":"Battipaglia","id":14},{"name":"Baucca-Garavelle","id":5420},{"name":"Baveno","id":610},{"name":"Bazzana","id":611},{"name":"Bazzano","id":3179},{"name":"Beaulard","id":612},{"name":"Beffi","id":613},{"name":"Beinette","id":614},{"name":"Belgioioso","id":615},{"name":"Belgirate","id":616},{"name":"Bella Muro","id":617},{"name":"Bellano Tartavalle Terme","id":618},{"name":"Bellante Ripattone","id":619},{"name":"Bellaria","id":620},{"name":"Bellinzago","id":623},{"name":"Bellisio Solfare","id":624},{"name":"Belluno","id":625},{"name":"Belmonte Calabro","id":15},{"name":"Belvedere Marittimo","id":16},{"name":"Benevento","id":626},{"name":"Benevento Arco Traiano","id":628},{"name":"Benevento Porta Rufina","id":670},{"name":"Berceto","id":629},{"name":"Berchidda","id":630},{"name":"Bergamasco","id":631},{"name":"Bergamo","id":632},{"name":"Bergamo Ospedale","id":3183},{"name":"Bernalda","id":633},{"name":"Besana","id":634},{"name":"Besnate","id":635},{"name":"Besozzo","id":636},{"name":"Bevera","id":200},{"name":"Bevilacqua","id":638},{"name":"Biagioni Lagacci","id":639},{"name":"Bianco","id":17},{"name":"Bianze'","id":640},{"name":"Bianzone","id":641},{"name":"Biassono-Lesmo Parco","id":642},{"name":"Bibiana","id":646},{"name":"Bicocca","id":647},{"name":"Biella S.Paolo","id":649},{"name":"Biforco","id":650},{"name":"Bisceglie","id":652},{"name":"Bistagno","id":653},{"name":"Bisuschio-Viggiu'","id":654},{"name":"Bitetto Palo Del Colle","id":655},{"name":"Bitritto","id":3235},{"name":"Bivio D'Aurisina","id":520},{"name":"Bogliasco","id":213},{"name":"Boiano","id":681},{"name":"Bolgheri","id":682},{"name":"Bologna Borgo Panigale","id":672},{"name":"Bologna C.Le/Av","id":942},{"name":"Bologna Centrale","id":683},{"name":"Bologna Corticella","id":673},{"name":"Bologna Fiere","id":1249},{"name":"Bologna Mazzini","id":1709},{"name":"Bologna S.Ruffillo","id":679},{"name":"Bologna S.Vitale","id":2003},{"name":"Bolzano","id":685},{"name":"Bolzano Casanova","id":1966},{"name":"Bolzano Novarese","id":686},{"name":"Bolzano Sud","id":687},{"name":"Bonassola","id":214},{"name":"Bonefro S.Croce","id":689},{"name":"Bonferraro","id":690},{"name":"Bonorva","id":691},{"name":"Bordighera","id":215},{"name":"Borgaro","id":5035},{"name":"Borghetto Parmense","id":693},{"name":"Borghetto S.Spirito","id":216},{"name":"Borghetto Sull'Adige","id":694},{"name":"Borgio Verezzi","id":217},{"name":"Borgo","id":695},{"name":"Borgo A Buggiano","id":696},{"name":"Borgo A Mozzano","id":697},{"name":"Borgo Fornari Per Voltaggio","id":218},{"name":"Borgo Lavezzaro","id":698},{"name":"Borgo Revel","id":699},{"name":"Borgo S.Dalmazzo","id":700},{"name":"Borgo S.Lorenzo","id":701},{"name":"Borgo S.Lorenzo Rimorelli","id":702},{"name":"Borgo S.Martino","id":703},{"name":"Borgo Ticino","id":704},{"name":"Borgo Val Di Taro","id":705},{"name":"Borgo Valsugana Centro","id":706},{"name":"Borgo Valsugana Est","id":3503},{"name":"Borgo Vercelli","id":707},{"name":"Borgochiesanuova","id":1547},{"name":"Borgofranco","id":709},{"name":"Borgolombardo","id":710},{"name":"Borgomanero","id":711},{"name":"Borgone","id":712},{"name":"Borgonuovo","id":713},{"name":"Borgoratto","id":714},{"name":"Borgosesia","id":715},{"name":"Borore","id":716},{"name":"Boschi S.Anna","id":717},{"name":"Bosconero","id":5023},{"name":"Botricello","id":21},{"name":"Bottenicco Zona Industriale","id":5075},{"name":"Bova Marina","id":22},{"name":"Bovalino","id":23},{"name":"Bovino Deliceto","id":722},{"name":"Bovolone","id":724},{"name":"Bozzolo","id":725},{"name":"Bra","id":727},{"name":"Bracciano","id":728},{"name":"Bragno","id":3437},{"name":"Brancaleone","id":24},{"name":"Brandizzo","id":729},{"name":"Breil Sur Roya","id":730},{"name":"Brenna-Alzate","id":731},{"name":"Brennero","id":732},{"name":"Brescia","id":734},{"name":"Bressana Argine","id":736},{"name":"Bressana Bottarone","id":737},{"name":"Bressanone","id":738},{"name":"Briatico","id":25},{"name":"Bricherasio","id":740},{"name":"Brindisi","id":741},{"name":"Brindisi Cittadella Della Ricerca","id":2723},{"name":"Brindisi Perrino","id":2786},{"name":"Briona","id":743},{"name":"Brisighella","id":744},{"name":"Brolo Ficarra","id":745},{"name":"Broni","id":746},{"name":"Bronzolo","id":747},{"name":"Brozolo","id":748},{"name":"Brucoli","id":750},{"name":"Brunico","id":751},{"name":"Brunico Nord","id":1967},{"name":"Bruno","id":752},{"name":"Bruzolo Di Susa","id":753},{"name":"Buccino S.Gregorio Magno","id":754},{"name":"Bucine","id":755},{"name":"Budoia Polcenigo","id":756},{"name":"Bugnara","id":757},{"name":"Buonconvento","id":758},{"name":"Buronzo","id":760},{"name":"Busa Di Vigonza","id":2386},{"name":"Busalla","id":219},{"name":"Busca","id":761},{"name":"Busche Lentiai Mel","id":762},{"name":"Busseto","id":763},{"name":"Bussi","id":764},{"name":"Bussoleno","id":765},{"name":"Busto Arsizio","id":766},{"name":"Buttafava","id":768},{"name":"Buttapietra","id":769},{"name":"Buttrio","id":770},{"name":"Ca` Di Boschetti","id":778},{"name":"Cadeo","id":785},{"name":"Cagliari","id":787},{"name":"Cagliari Elmas","id":788},{"name":"Cagliari S.Gilla","id":3164},{"name":"Cairo Montenotte","id":790},{"name":"Cala Sabina","id":791},{"name":"Calalzo Pieve Cadore Cortina","id":792},{"name":"Calamandrana","id":793},{"name":"Calatabiano","id":794},{"name":"Calatafimi","id":795},{"name":"Calceranica","id":797},{"name":"Calde'","id":801},{"name":"Calderara-Bargellino","id":3537},{"name":"Caldonazzo","id":803},{"name":"Calenzano","id":804},{"name":"Calliano","id":3223},{"name":"Calolziocorte Olginate","id":807},{"name":"Calopezzati","id":26},{"name":"Caltagirone","id":809},{"name":"Caltanissetta Centrale","id":772},{"name":"Caltanissetta Xirbi","id":773},{"name":"Caltignaga","id":810},{"name":"Calusco","id":811},{"name":"Caluso","id":812},{"name":"Calvisano","id":813},{"name":"Camaiore Lido Capezzano","id":814},{"name":"Cambiano Santena","id":817},{"name":"Camerano Aspio","id":2439},{"name":"Cammarata S.Giovanni Gemini","id":818},{"name":"Camnago-Lentate","id":819},{"name":"Camogli S.Fruttuoso","id":221},{"name":"Campagna Serre Persano","id":820},{"name":"Campello Sul Clitunno","id":822},{"name":"Campiglia Marittima","id":823},{"name":"Campo Di Carne","id":2174},{"name":"Campo Di Giove","id":824},{"name":"Campo Di Giove-Monte Maiella","id":771},{"name":"Campo Di Trens","id":826},{"name":"Campo Ligure-Masone","id":222},{"name":"Campobasso","id":827},{"name":"Campobello Di Mazara","id":828},{"name":"Campobello Ravanusa","id":829},{"name":"Campodarsego","id":831},{"name":"Campofelice","id":832},{"name":"Campofranco","id":833},{"name":"Campoleone","id":835},{"name":"Campolieto Monacilioni","id":836},{"name":"Campomarino","id":838},{"name":"Campomigliaio","id":3421},{"name":"Campora S.Giovanni Serra Aiello","id":27},{"name":"Camporgiano","id":840},{"name":"Camposampiero","id":842},{"name":"Camposanto","id":843},{"name":"Camucia Cortona","id":844},{"name":"Canaro","id":845},{"name":"Cancelliera","id":847},{"name":"Cancello","id":848},{"name":"Cancello Arnone","id":849},{"name":"Candelo","id":852},{"name":"Candia Canavese","id":853},{"name":"Candia Lomellina","id":854},{"name":"Candiolo","id":856},{"name":"Canegrate","id":858},{"name":"Canelli","id":859},{"name":"Canetra","id":860},{"name":"Canicatti'","id":861},{"name":"Canistro","id":863},{"name":"Canne Della Battaglia","id":865},{"name":"Canneto Sull'Oglio","id":866},{"name":"Cannizzaro","id":867},{"name":"Canosa Di Puglia","id":868},{"name":"Canoscio","id":5422},{"name":"Cansano","id":3181},{"name":"Cansano Scavi Di Ocriticum","id":3256},{"name":"Cantello Gaggiolo","id":2974},{"name":"Cantu'","id":872},{"name":"Cantu'-Cermenate","id":873},{"name":"Caorso","id":874},{"name":"Capaccio Roccadaspide","id":28},{"name":"Capaci","id":3224},{"name":"Capalbio","id":876},{"name":"Capannelle","id":877},{"name":"Capistrello","id":878},{"name":"Capo Bonifati","id":30},{"name":"Capo D'Orlando-Naso","id":879},{"name":"Capo Spartivento","id":31},{"name":"Capocroce","id":880},{"name":"Cappelle-Magliano","id":882},{"name":"Capralba","id":883},{"name":"Capranica-Sutri","id":884},{"name":"Capriati Al Volturno","id":886},{"name":"Capriva","id":888},{"name":"Capua","id":889},{"name":"Carate-Calo'","id":891},{"name":"Caravaggio","id":892},{"name":"Carbona","id":893},{"name":"Carbonia Serbariu","id":968},{"name":"Carbonia Stato","id":894},{"name":"Carentino","id":898},{"name":"Cariati","id":34},{"name":"Carimate","id":899},{"name":"Carini","id":900},{"name":"Carini Torre Ciachea","id":3442},{"name":"Carmagnola","id":902},{"name":"Carmignano Di Brenta","id":904},{"name":"Carnate Usmate","id":905},{"name":"Carnia","id":906},{"name":"Caronia","id":908},{"name":"Carovigno","id":909},{"name":"Carovilli-Roccasicura","id":910},{"name":"Carpane'-Valstagna","id":911},{"name":"Carpi","id":912},{"name":"Carpignano Sesia","id":913},{"name":"Carpinone","id":914},{"name":"Carrara Avenza","id":915},{"name":"Carrito-Ortona","id":916},{"name":"Carruba","id":918},{"name":"Carsoli","id":919},{"name":"Casabianca","id":921},{"name":"Casacalenda Guardialfiera","id":922},{"name":"Casalbordino Pollutri","id":924},{"name":"Casalbuttano","id":926},{"name":"Casale Monferrato","id":927},{"name":"Casalecchio Di Reno","id":929},{"name":"Casalecchio Garibaldi","id":3506},{"name":"Casaleggio","id":930},{"name":"Casaletto Vaprio","id":932},{"name":"Casalmaggiore","id":934},{"name":"Casalnuovo","id":935},{"name":"Casalpusterlengo","id":937},{"name":"Casarsa","id":938},{"name":"Cascina","id":939},{"name":"Caselle Torinese","id":5036},{"name":"Caserta","id":945},{"name":"Casino Di Terra","id":946},{"name":"Casletto-Rogeno","id":947},{"name":"Casorate Sempione","id":948},{"name":"Casoria-Afragola","id":949},{"name":"Cassago-Nibionno-Bulciago","id":950},{"name":"Cassano D'Adda","id":951},{"name":"Cassine","id":954},{"name":"Cassino","id":955},{"name":"Cassola","id":956},{"name":"Castagnaro","id":959},{"name":"Castagneto Carducci-Donoratico","id":960},{"name":"Castagno","id":961},{"name":"Castagnole Delle Lanze","id":962},{"name":"Casteggio","id":964},{"name":"Castel D'Ario","id":967},{"name":"Castel Di Sangro","id":969},{"name":"Castel Gandolfo","id":970},{"name":"Castel Lagopesole","id":971},{"name":"Castel Madama","id":972},{"name":"Castel S.Angelo","id":973},{"name":"Castel S.Giorgio Roccapiemonte","id":974},{"name":"Castel S.Giovanni","id":975},{"name":"Castel S.Pietro Terme","id":976},{"name":"Castelbolognese-Riolo Terme","id":978},{"name":"Casteldaccia","id":980},{"name":"Casteldarne","id":981},{"name":"Casteldebole","id":3505},{"name":"Castelferretti-Falconara Aeroporto","id":982},{"name":"Castelfiorentino","id":983},{"name":"Castelfranco Emilia","id":985},{"name":"Castelfranco Veneto","id":987},{"name":"Castelguelfo","id":988},{"name":"Castell'Alfero","id":989},{"name":"Castellalto Canzano","id":991},{"name":"Castellammare Del Golfo","id":958},{"name":"Castellammare Di Stabia","id":992},{"name":"Castellaneta","id":993},{"name":"Castellaneta Marina","id":994},{"name":"Castelleone","id":997},{"name":"Castelletto Ticino","id":999},{"name":"Castellina In Chianti-Monteriggioni","id":1000},{"name":"Castello D'Annone","id":1004},{"name":"Castello Di Godego","id":957},{"name":"Castellucchio","id":1005},{"name":"Castelmaggiore","id":1007},{"name":"Castelnuovo Belbo","id":1009},{"name":"Castelnuovo Berardenga","id":1010},{"name":"Castelnuovo Del Garda","id":1011},{"name":"Castelnuovo Di Garfagnana","id":1012},{"name":"Castelplanio Cupramontana","id":1013},{"name":"Castelraimondo Camerino","id":1014},{"name":"Castelrosso","id":1015},{"name":"Castelvecchio Pascoli","id":1016},{"name":"Castelvetrano","id":1018},{"name":"Castelvetro","id":1019},{"name":"Castiglion Del Lago","id":1020},{"name":"Castiglion Fiorentino","id":1021},{"name":"Castiglioncello","id":1022},{"name":"Castiglione Cosentino","id":38},{"name":"Castione Andevenno","id":1025},{"name":"Castione Dei Marchesi","id":1026},{"name":"Castro-Pofi-Vallecorsa","id":1027},{"name":"Castronno","id":1029},{"name":"Catania Acquicella","id":1031},{"name":"Catania Aeroporto Fontanarossa","id":3209},{"name":"Catania Centrale","id":1032},{"name":"Catanzaro","id":39},{"name":"Catanzaro Lido","id":40},{"name":"Catenanuova-Centuripe","id":1034},{"name":"Cattolica S.Giovanni Gabicce","id":1035},{"name":"Caulonia","id":41},{"name":"Cava Carbonara","id":1037},{"name":"Cava Dei Tirreni","id":1038},{"name":"Cava Tigozzi","id":1040},{"name":"Cavagnolo Brusasco","id":1041},{"name":"Cavalleggeri Aosta","id":1042},{"name":"Cavallermaggiore","id":1043},{"name":"Cavanella D'Adige","id":1044},{"name":"Cavaria Oggiona Ierago","id":1046},{"name":"Cavazzale","id":1047},{"name":"Cavi","id":227},{"name":"Ceccano","id":1049},{"name":"Cecchina","id":1050},{"name":"Cecina","id":1051},{"name":"Cefalu'","id":1053},{"name":"Ceggia","id":1054},{"name":"Celano-Ovindoli","id":1055},{"name":"Celle","id":228},{"name":"Celle Bulgheria Roccagloriosa","id":42},{"name":"Cengio","id":1056},{"name":"Centallo","id":1057},{"name":"Centola-Palinuro-Marina Di Camerota","id":43},{"name":"Ceprano-Falvaterra","id":1058},{"name":"Cerbara","id":5416},{"name":"Cerchio","id":1061},{"name":"Cerda","id":1062},{"name":"Cerea","id":1063},{"name":"Ceregnano","id":1064},{"name":"Ceriale","id":229},{"name":"Cerignola Campagna","id":1065},{"name":"Cernusco-Merate","id":1066},{"name":"Cerqueto","id":5444},{"name":"Cerreto D'Esi","id":1067},{"name":"Certaldo","id":1068},{"name":"Certosa Di Pavia","id":1069},{"name":"Cervia-Milano Marittima","id":1072},{"name":"Cervignano-Aquileia-Grado","id":1073},{"name":"Cesano Boscone","id":780},{"name":"Cesano Di Roma","id":1075},{"name":"Cesena","id":1077},{"name":"Cesenatico","id":1078},{"name":"Cesi","id":5267},{"name":"Cetraro","id":44},{"name":"Ceva","id":1079},{"name":"Chatillon-Saint-Vincent","id":1081},{"name":"Chianche Ceppaloni","id":1083},{"name":"Chiaravalle","id":1084},{"name":"Chiari","id":1085},{"name":"Chiasso","id":1087},{"name":"Chiavari","id":231},{"name":"Chiavenna","id":1089},{"name":"Chieri","id":1090},{"name":"Chieti","id":1091},{"name":"Chieti-Madonna Delle Piane","id":2663},{"name":"Chieuti Serracapriola","id":1092},{"name":"Chignolo Po","id":1093},{"name":"Chioggia","id":1094},{"name":"Chiomonte","id":1095},{"name":"Chiuduno","id":1099},{"name":"Chiuro","id":1100},{"name":"Chiusa","id":1101},{"name":"Chiusano Cossombrato","id":1103},{"name":"Chiusi-Chianciano Terme","id":1104},{"name":"Chivasso","id":1105},{"name":"Ciampino","id":1106},{"name":"Cinisi Terrasini","id":1110},{"name":"Cirie'","id":5039},{"name":"Ciro'","id":46},{"name":"Cisano Caprino Bergamasco","id":1111},{"name":"Cismon Del Grappa","id":1112},{"name":"Cisterna Di Latina","id":1113},{"name":"Cisternino","id":1114},{"name":"Citta' Di Castello","id":5419},{"name":"Citta` Di Castello - Fornace","id":5418},{"name":"Citta` Di Castello - Zona Industriale","id":5417},{"name":"Cittadella","id":1117},{"name":"Cittaducale","id":1118},{"name":"Civate","id":1119},{"name":"Cividate-Calcio","id":799},{"name":"Civita Castellana-Magliano","id":1120},{"name":"Civita D'Antino-Morino","id":1121},{"name":"Civitanova Marche-Montegranaro","id":1122},{"name":"Civitavecchia","id":1123},{"name":"Civitella Paganico","id":1124},{"name":"Civitella Roveto","id":1125},{"name":"Classe","id":1127},{"name":"Coccaglio","id":1128},{"name":"Cocconato","id":1129},{"name":"Cocullo","id":1130},{"name":"Codogno","id":1134},{"name":"Codola","id":1135},{"name":"Codroipo","id":1136},{"name":"Cogoleto","id":232},{"name":"Colfelice","id":1138},{"name":"Colico","id":1139},{"name":"Collarmele","id":1140},{"name":"Colle Isarco","id":1141},{"name":"Colle Mattia","id":1142},{"name":"Collecchio","id":1144},{"name":"Colleferro-Segni-Paliano","id":1145},{"name":"Collegno","id":1146},{"name":"Collevalenza R.R.","id":5450},{"name":"Collevecchio-Poggio Sommavilla","id":1148},{"name":"Colli Del Tronto","id":2333},{"name":"Colli Di Monte Bove","id":1149},{"name":"Cologne","id":1151},{"name":"Colonna Galleria","id":1152},{"name":"Colorno","id":1153},{"name":"Comignago","id":1154},{"name":"Comiso","id":1155},{"name":"Como Camerlata","id":3222},{"name":"Como S.Giovanni","id":1158},{"name":"Compiobbi","id":1159},{"name":"Compre S.Vincenzo","id":1160},{"name":"Condofuri","id":48},{"name":"Condove-Chiusa S.Michele","id":1162},{"name":"Conegliano","id":1163},{"name":"Conselice","id":1166},{"name":"Contea Londa","id":1167},{"name":"Contesse","id":1168},{"name":"Contigliano","id":1169},{"name":"Contursi Terme","id":1170},{"name":"Corbetta-S.Stefano Ticino","id":1174},{"name":"Corbezzi","id":1175},{"name":"Cordovado Sesto","id":1178},{"name":"Corigliano Calabro","id":49},{"name":"Cormons","id":1180},{"name":"Corniglia","id":233},{"name":"Cornino","id":1182},{"name":"Cornuda","id":1183},{"name":"Coronella","id":1184},{"name":"Corridonia Mogliano","id":1185},{"name":"Corsano","id":1186},{"name":"Corsico","id":1187},{"name":"Corteolona","id":1188},{"name":"Cosenza","id":50},{"name":"Cosio Traona","id":1189},{"name":"Cossato","id":1190},{"name":"Costa","id":1192},{"name":"Costa Masnaga","id":1193},{"name":"Costigliole (Motta Di)","id":1194},{"name":"Costigliole D`Asti","id":1195},{"name":"Costigliole Saluzzo","id":1196},{"name":"Cotignola","id":1197},{"name":"Crema","id":1201},{"name":"Cremona","id":1202},{"name":"Crescentino","id":1203},{"name":"Crespino Del Lamone","id":1204},{"name":"Cressa Fontaneto","id":1205},{"name":"Crevalcore","id":1206},{"name":"Cropani","id":51},{"name":"Crotone","id":52},{"name":"Crucoli","id":53},{"name":"Cucciago","id":1208},{"name":"Cuneo","id":1211},{"name":"Cuneo Gesso","id":1212},{"name":"Cunico Scandeluzza","id":1213},{"name":"Cupone","id":1214},{"name":"Cupramarittima","id":1215},{"name":"Cureggio","id":1216},{"name":"Curinga","id":54},{"name":"Cusano","id":1217},{"name":"Cutro","id":55},{"name":"Cuzzago (Mi)","id":1218},{"name":"Cuzzago (No)","id":3208},{"name":"Decimomannu","id":1223},{"name":"Dego","id":1224},{"name":"Deiva Marina","id":234},{"name":"Delebio","id":1225},{"name":"Derby","id":1227},{"name":"Deruta","id":5441},{"name":"Dervio","id":1228},{"name":"Desenzano Del Garda-Sirmione","id":1229},{"name":"Desio","id":1230},{"name":"Diamante Buonvicino","id":56},{"name":"Diano","id":4502},{"name":"Dicomano","id":1240},{"name":"Diecimo-Pescaglia","id":1241},{"name":"Dittaino","id":1246},{"name":"Dobbiaco","id":1247},{"name":"Dolo","id":1251},{"name":"Domegliara-S.Ambrogio","id":1252},{"name":"Domodossola","id":1253},{"name":"Donnafugata","id":1255},{"name":"Donnas","id":1256},{"name":"Dorio","id":1258},{"name":"Dormelletto","id":1259},{"name":"Dormelletto Paese","id":1260},{"name":"Dossobuono","id":1261},{"name":"Dubino","id":1263},{"name":"Duca D'Aosta","id":3199},{"name":"Dueville","id":1265},{"name":"Duomo Via Vernieri","id":3513},{"name":"Eboli","id":1266},{"name":"Eca Nasago`","id":1267},{"name":"Egna-Termeno","id":1268},{"name":"Ellera Corciano","id":1270},{"name":"Elmas Aeroporto","id":1048},{"name":"Empoli","id":1271},{"name":"Enas","id":1272},{"name":"Enna","id":1273},{"name":"Equi Terme","id":1275},{"name":"Este","id":1276},{"name":"Europa Pes","id":2288},{"name":"Fabriano","id":1281},{"name":"Fabriano Ca' Maiano","id":1282},{"name":"Fabro-Ficulle","id":1284},{"name":"Fae'-Fortogna","id":1286},{"name":"Faenza","id":1285},{"name":"Fagare'","id":3405},{"name":"Fagnano Campana","id":1287},{"name":"Falciano-Mondragone-Carinola","id":1288},{"name":"Falconara","id":1289},{"name":"Falconara Marittima","id":1291},{"name":"Falconara Stadio","id":3577},{"name":"Falcone","id":1292},{"name":"Falerna","id":59},{"name":"Fanciullata","id":5442},{"name":"Fanna-Cavasso","id":1293},{"name":"Fano","id":1294},{"name":"Fanzolo","id":1295},{"name":"Fara","id":1296},{"name":"Fara Sabina-Montelibretti","id":1297},{"name":"Fasano","id":1299},{"name":"Favazzina","id":60},{"name":"Federico","id":1302},{"name":"Felegara-S.Andrea Bagni","id":1303},{"name":"Feletto","id":5024},{"name":"Felizzano","id":1304},{"name":"Feltre","id":1306},{"name":"Ferentino-Supino","id":1307},{"name":"Ferrandina Scalo-Matera","id":1308},{"name":"Ferrania","id":237},{"name":"Ferrara","id":1309},{"name":"Ferrera Lomellina","id":1311},{"name":"Ferruzzano","id":62},{"name":"Ficarazzi","id":644},{"name":"Fidene","id":3351},{"name":"Fidenza","id":1317},{"name":"Fiera","id":1318},{"name":"Fiera Di Roma","id":4040},{"name":"Fiesole Caldine","id":3415},{"name":"Figline Valdarno","id":1319},{"name":"Filattiera","id":1320},{"name":"Filiano","id":1322},{"name":"Finale Ligure Marina","id":238},{"name":"Fiorenzuola","id":1324},{"name":"Firenze Campo Marte","id":1312},{"name":"Firenze Castello","id":1314},{"name":"Firenze Rifredi","id":1315},{"name":"Firenze Rovezzano","id":3369},{"name":"Firenze Santa Maria Novella","id":1325},{"name":"Firenze Statuto","id":1316},{"name":"Fisciano","id":1326},{"name":"Fiumara Gazzi","id":3151},{"name":"Fiumefreddo Bruzio","id":63},{"name":"Fiumefreddo Di Sicilia","id":1328},{"name":"Fiumelatte","id":1329},{"name":"Fiumetorto","id":1330},{"name":"Fiumicino Aeroporto","id":1327},{"name":"Fivizzano Rometta-Soliera","id":1333},{"name":"Fivizzano-Gassano","id":1332},{"name":"Foggia","id":1334},{"name":"Fognano","id":1335},{"name":"Foligno","id":1336},{"name":"Follonica","id":1337},{"name":"Fondi-Sperlonga","id":1338},{"name":"Fontan Saorge","id":1339},{"name":"Fontana Liri","id":1341},{"name":"Fontana Liri Inferiore","id":1340},{"name":"Fontanafredda","id":1342},{"name":"Fontanarosa-Cervaro","id":1343},{"name":"Fontane Bianche","id":4087},{"name":"Fontanetto Po","id":1344},{"name":"Fontaniva","id":1345},{"name":"Fontecchio","id":1346},{"name":"Forenza","id":1348},{"name":"Forgaria Bagni Anduins","id":1349},{"name":"Forli'","id":1350},{"name":"Forlimpopoli-Bertinoro","id":1351},{"name":"Formia-Gaeta","id":1352},{"name":"Fornaci Di Barga","id":1353},{"name":"Fornovo","id":1354},{"name":"Forte Dei Marmi-Seravezza-Querceta","id":1355},{"name":"Fortezza","id":1356},{"name":"Fosciandora-Ceserana","id":1357},{"name":"Fossacesia-Torino Di Sangro","id":1359},{"name":"Fossalta Di Piave","id":1360},{"name":"Fossano","id":1362},{"name":"Fossato Di Vico Gubbio","id":1363},{"name":"Fragneto Monforte","id":1364},{"name":"Framura","id":239},{"name":"Francavilla Al Mare","id":1367},{"name":"Francavilla Angitola-Filadelfia","id":64},{"name":"Francavilla Fontana","id":1366},{"name":"Franciosa","id":1369},{"name":"Frascati","id":1370},{"name":"Frasso","id":3349},{"name":"Frasso Telesino-Dugenta","id":1371},{"name":"Fratta","id":1372},{"name":"Fratta Todina","id":5446},{"name":"Frattamaggiore-Grumo","id":1373},{"name":"Fratte","id":1375},{"name":"Fratte Centro","id":1376},{"name":"Fratte Villa Comunale","id":5143},{"name":"Frosinone","id":1377},{"name":"Frugarolo Boscomarengo","id":240},{"name":"Funo Centergross","id":3518},{"name":"Furapane","id":5454},{"name":"Furci","id":1381},{"name":"Fuscaldo","id":65},{"name":"Gaggiano","id":1386},{"name":"Gaggio Porta Est","id":3162},{"name":"Gagliole","id":1388},{"name":"Gaibanella","id":1389},{"name":"Gaifana","id":1390},{"name":"Galati","id":1391},{"name":"Gallarate","id":1393},{"name":"Gallese In Teverina","id":1396},{"name":"Galliera","id":1397},{"name":"Galliera Veneta Tombolo","id":1398},{"name":"Gambettola","id":1401},{"name":"Gambolo'-Remondo'","id":1402},{"name":"Garbagna","id":1404},{"name":"Garessio","id":1405},{"name":"Gargazzone","id":3504},{"name":"Garlasco","id":1407},{"name":"Gatteo A Mare","id":1408},{"name":"Gattinara","id":1409},{"name":"Gavignano Sabino","id":1410},{"name":"Gavorrano","id":1411},{"name":"Gazzada Schianno Morazzone","id":1413},{"name":"Gazzo Di Bigarello","id":1414},{"name":"Gazzo Pieve S.Giacomo","id":1415},{"name":"Gela","id":1416},{"name":"Gela-Anic","id":1417},{"name":"Gemelli","id":2380},{"name":"Gemona Del Friuli","id":1419},{"name":"Genga S.Vittore Terme","id":1420},{"name":"Genova Acquasanta","id":242},{"name":"Genova Bolzaneto","id":243},{"name":"Genova Borzoli","id":244},{"name":"Genova Brignole","id":245},{"name":"Genova Cornigliano","id":248},{"name":"Genova Costa Di Sestri Ponente","id":249},{"name":"Genova Granara","id":251},{"name":"Genova Nervi","id":254},{"name":"Genova Pegli","id":256},{"name":"Genova Piazza Principe","id":257},{"name":"Genova Piazza Principe Sotterranea","id":255},{"name":"Genova Pontedecimo","id":258},{"name":"Genova Pra","id":259},{"name":"Genova Quarto Dei Mille","id":260},{"name":"Genova Quinto Al Mare","id":261},{"name":"Genova Rivarolo","id":262},{"name":"Genova S.Biagio","id":204},{"name":"Genova Sampierdarena","id":263},{"name":"Genova Sestri Ponente Aeroporto","id":266},{"name":"Genova Sturla","id":267},{"name":"Genova Vesima","id":269},{"name":"Genova Via Di Francia","id":203},{"name":"Genova Voltri","id":270},{"name":"Germagnano","id":5045},{"name":"Ghedi","id":1425},{"name":"Ghemme","id":1426},{"name":"Ghislarengo","id":1427},{"name":"Ghivizzano-Coreglia","id":1428},{"name":"Giachery","id":1429},{"name":"Giampilieri","id":1430},{"name":"Giarole","id":1431},{"name":"Giarre Riposto","id":1432},{"name":"Giave","id":1433},{"name":"Ginosa","id":1434},{"name":"Gioia Del Colle","id":1435},{"name":"Gioia Tauro","id":67},{"name":"Gioiosa Jonica","id":68},{"name":"Giojosa Marea","id":1436},{"name":"Giovinazzo","id":1437},{"name":"Giugliano Qualiano","id":1438},{"name":"Giulianova","id":1439},{"name":"Gizzeria Lido","id":69},{"name":"Glorie","id":1442},{"name":"Godo","id":1443},{"name":"Golfo Aranci","id":1383},{"name":"Gonzaga-Reggiolo","id":1444},{"name":"Gorgo Al Monticano","id":3408},{"name":"Goriano Sicoli","id":1445},{"name":"Gorizia Centrale","id":1446},{"name":"Gozzano","id":1447},{"name":"Gragnola","id":1451},{"name":"Grammichele","id":1452},{"name":"Granaiolo","id":1453},{"name":"Granarolo Faentino","id":1454},{"name":"Grassano-Garaguso-Tricarico","id":1456},{"name":"Gravellona Toce","id":1457},{"name":"Gravina In Puglia","id":1458},{"name":"Greccio","id":1459},{"name":"Gricignano-Teverola","id":1460},{"name":"Grignasco","id":1462},{"name":"Grigno","id":1463},{"name":"Grisignano Di Zocco","id":1464},{"name":"Grisolia S.Maria","id":70},{"name":"Grizzana","id":1465},{"name":"Gropello Cairoli","id":1467},{"name":"Grosseto","id":1468},{"name":"Grottaglie","id":1469},{"name":"Grottammare","id":1470},{"name":"Grotte","id":1471},{"name":"Grotte S.Stefano","id":1472},{"name":"Grugliasco","id":3166},{"name":"Grumello Del Monte","id":1473},{"name":"Grumo Appula","id":1474},{"name":"Gualdo Tadino","id":1475},{"name":"Guardavalle","id":71},{"name":"Guardia Mangano S.Venerina","id":1384},{"name":"Guardia Piemontese Terme","id":72},{"name":"Guidonia-Montecelio-S.Angelo","id":1481},{"name":"Hone-Bard","id":1482},{"name":"Igea Marina","id":1483},{"name":"Iglesias","id":1484},{"name":"Il Neto","id":1485},{"name":"Ilci-Pian Dei Mori","id":5447},{"name":"Imola","id":1487},{"name":"Imperia","id":4501},{"name":"Incisa","id":1488},{"name":"Incisa Scapaccino","id":1489},{"name":"Incoronata","id":1490},{"name":"Induno Olona","id":1492},{"name":"Ipogeo Degli Ottavi","id":3427},{"name":"Isernia","id":1497},{"name":"Isola D`Asti","id":1499},{"name":"Isola Del Cantone","id":274},{"name":"Isola Della Scala","id":1501},{"name":"Isola Delle Femmine","id":1500},{"name":"Isola Liri","id":1502},{"name":"Isoletta-S.Giovanni Incarico","id":1503},{"name":"Ispica","id":1504},{"name":"Istrana","id":1506},{"name":"Itri","id":1507},{"name":"Ivrea","id":1508},{"name":"Jesi","id":1509},{"name":"Joppolo","id":74},{"name":"L'Aquila","id":1510},{"name":"L'Aquila Campo Di Pile","id":3174},{"name":"L'Aquila S.Gregorio","id":2917},{"name":"L'Aquila Sassa Nucleo Sviluppo","id":2901},{"name":"La Brigue","id":1511},{"name":"La Dogana","id":5413},{"name":"La Fiora","id":1512},{"name":"La Giustiniana","id":1513},{"name":"La Rustica Citta'","id":4043},{"name":"La Rustica Uir","id":1515},{"name":"La Salle","id":1516},{"name":"La Spezia Centrale","id":275},{"name":"La Spezia Migliarina","id":1517},{"name":"La Storta","id":1519},{"name":"Labico","id":1520},{"name":"Labro Moggio","id":1521},{"name":"Ladispoli-Cerveteri","id":1071},{"name":"Laigueglia","id":276},{"name":"Laives","id":1525},{"name":"Lama","id":1526},{"name":"Lama Di Reno","id":1527},{"name":"Lambrinia","id":1528},{"name":"Lamezia Terme Centrale","id":75},{"name":"Lamezia Terme Nicastro","id":76},{"name":"Lamezia Terme Sambiase","id":77},{"name":"Lana-Postal","id":1529},{"name":"Lancenigo","id":1530},{"name":"Lanuvio","id":1531},{"name":"Lanzara Fimiani","id":1532},{"name":"Lanzo Torinese","id":5044},{"name":"Larino","id":1534},{"name":"Lascari","id":2865},{"name":"Lastra A Signa","id":4031},{"name":"Laterina","id":1537},{"name":"Latiano","id":1538},{"name":"Latina","id":1539},{"name":"Latisana Lignano-Bibione","id":1540},{"name":"Lauriano","id":1541},{"name":"Lavagna","id":277},{"name":"Laveno Mombello","id":1542},{"name":"Lavezzola","id":1543},{"name":"Lavis","id":1545},{"name":"Le Cure","id":3449},{"name":"Le Piagge","id":3534},{"name":"Lecce","id":1549},{"name":"Lecco","id":1550},{"name":"Lecco Maggianico","id":1551},{"name":"Leggiuno Monvalle","id":1552},{"name":"Legnago","id":1553},{"name":"Legnano","id":1554},{"name":"Lendinara","id":1555},{"name":"Lentini","id":1557},{"name":"Lentini Diramazione","id":1558},{"name":"Leonforte-Pirato","id":2154},{"name":"Lercara Diramazione","id":2595},{"name":"Lerino","id":1561},{"name":"Lesa","id":1562},{"name":"Lesegno","id":1563},{"name":"Lesmo","id":1565},{"name":"Letojanni","id":1566},{"name":"Levada","id":1567},{"name":"Levanto","id":278},{"name":"Levata","id":895},{"name":"Levate","id":3595},{"name":"Levico Terme","id":1568},{"name":"Licata","id":1572},{"name":"Lido Di Classe-Lido Di Savio","id":1573},{"name":"Lido Di Lavinio","id":1574},{"name":"Lierna","id":1575},{"name":"Limone","id":1576},{"name":"Lison","id":1580},{"name":"Lissone-Muggio'","id":1581},{"name":"Livorno Centrale","id":1582},{"name":"Livorno Ferraris","id":1570},{"name":"Loano","id":279},{"name":"Locate Triulzi","id":1583},{"name":"Locri","id":78},{"name":"Lodi","id":1584},{"name":"Lolli","id":2326},{"name":"Lomello","id":1585},{"name":"Lonato","id":1586},{"name":"Longarone Zoldo","id":1587},{"name":"Longobardi","id":79},{"name":"Lonigo","id":1588},{"name":"Loreo","id":1589},{"name":"Loreto","id":1590},{"name":"Lucca","id":1591},{"name":"Lugo","id":1592},{"name":"Luino","id":1593},{"name":"Lumignacco","id":1594},{"name":"Lunghezza","id":1597},{"name":"Luni","id":1598},{"name":"Luserna S. Giovanni","id":1600},{"name":"Maccarese-Fregene","id":1602},{"name":"Macerata","id":1603},{"name":"Macerata Fontescodella","id":3576},{"name":"Macerata Universita'","id":3206},{"name":"Macherio Sovico","id":1605},{"name":"Macherio-Canonica","id":1604},{"name":"Macomer","id":1606},{"name":"Maddaloni Inferiore","id":1608},{"name":"Madignano","id":3372},{"name":"Madonna Del Pilone","id":1614},{"name":"Maerne Di Martellago","id":1617},{"name":"Magenta","id":1618},{"name":"Magione","id":1619},{"name":"Magliana","id":1620},{"name":"Magliano Crava Morozzo","id":1621},{"name":"Magre'-Cortaccia","id":1623},{"name":"Maleo","id":1626},{"name":"Maltignano Del Tronto","id":1628},{"name":"Manarola","id":280},{"name":"Mandatoriccio Campana","id":80},{"name":"Mandello Del Lario","id":1632},{"name":"Manerbio","id":1634},{"name":"Manfredonia","id":1635},{"name":"Manfredonia Ovest","id":3171},{"name":"Maniago","id":1636},{"name":"Manoppello","id":1637},{"name":"Manta","id":1638},{"name":"Mantova","id":1639},{"name":"Mantova Frassine","id":1744},{"name":"Manzano","id":1640},{"name":"Manziana-Canale Monterano","id":1641},{"name":"Marano Ticino","id":1643},{"name":"Marano Vicentino","id":1642},{"name":"Maratea","id":81},{"name":"Marausa","id":1644},{"name":"Marcaria","id":1645},{"name":"Marcellina-Palombara","id":2026},{"name":"Marcellina-Verbicaro-Orsomarso","id":82},{"name":"Marcellinara","id":83},{"name":"Marcianise","id":1647},{"name":"Marconi","id":554},{"name":"Marechiaro","id":1648},{"name":"Maredolce","id":2313},{"name":"Margarita","id":1649},{"name":"Marianopoli","id":1650},{"name":"Marina Di Cerveteri","id":1652},{"name":"Marina Di Maratea","id":85},{"name":"Marina Di S.Lorenzo","id":86},{"name":"Marinella","id":1653},{"name":"Marino Del Tronto-Folignano","id":1654},{"name":"Marino Laziale","id":1655},{"name":"Marmore","id":1658},{"name":"Marotta-Mondolfo","id":1659},{"name":"Marradi-Palazzuolo Sul Senio","id":1660},{"name":"Marrubiu-Terralba-Arborea","id":1661},{"name":"Marsala","id":1662},{"name":"Marsciano","id":5445},{"name":"Martinsicuro","id":3250},{"name":"Marzabotto","id":1664},{"name":"Marzocca","id":1666},{"name":"Mascali","id":1667},{"name":"Massa Centro","id":1670},{"name":"Massa Martana","id":5452},{"name":"Massafra","id":1673},{"name":"Massalombarda","id":1674},{"name":"Massarosa Bozzano","id":1675},{"name":"Matelica","id":1677},{"name":"Mathi","id":5042},{"name":"Matrice-Montagano-S.Giovanni In Galdo","id":1679},{"name":"Mazara Del Vallo","id":1681},{"name":"Mede","id":1682},{"name":"Medesano","id":1683},{"name":"Meduno","id":1684},{"name":"Meina","id":1686},{"name":"Melano Marischio","id":1687},{"name":"Mele","id":282},{"name":"Melegnano","id":1688},{"name":"Melfi","id":1689},{"name":"Melito Di Porto Salvo","id":87},{"name":"Melzo","id":1690},{"name":"Meolo","id":1691},{"name":"Merana","id":1692},{"name":"Merano","id":1693},{"name":"Merano-Maia Bassa","id":1694},{"name":"Mercatello","id":2083},{"name":"Mercato S.Severino","id":1695},{"name":"Mercenasco","id":1696},{"name":"Mergozzo","id":1697},{"name":"Mesagne","id":1699},{"name":"Messina Centrale","id":1700},{"name":"Mestrino","id":1703},{"name":"Metaponto","id":88},{"name":"Mezzani Rondani","id":1704},{"name":"Mezzano","id":1705},{"name":"Mezzocorona","id":1706},{"name":"Mignano Monte Lungo","id":1727},{"name":"Milano Centrale","id":1728},{"name":"Milano Certosa","id":1708},{"name":"Milano Dateo","id":3468},{"name":"Milano Forlanini","id":3169},{"name":"Milano Greco Pirelli","id":1711},{"name":"Milano Lambrate","id":1712},{"name":"Milano Lancetti","id":1713},{"name":"Milano Porta Garibaldi","id":1715},{"name":"Milano Porta Garibaldi Sotterranea","id":1714},{"name":"Milano Porta Genova","id":1716},{"name":"Milano Porta Venezia","id":1723},{"name":"Milano Porta Vittoria","id":1718},{"name":"Milano Repubblica","id":1719},{"name":"Milano Rogoredo","id":1720},{"name":"Milano Romolo","id":58},{"name":"Milano S.Cristoforo","id":1721},{"name":"Milano Scalo Romana","id":1717},{"name":"Milano Tibaldi Universita' Bocconi","id":3251},{"name":"Milano Villapizzone","id":3099},{"name":"Milazzo","id":1729},{"name":"Mileto","id":89},{"name":"Mili Marina","id":3152},{"name":"Militello","id":1730},{"name":"Minervino Murge","id":1735},{"name":"Minturno-Scauri","id":1736},{"name":"Minucciano-Pieve-Casola","id":1737},{"name":"Mira Mirano","id":1738},{"name":"Miradolo Terme","id":1739},{"name":"Miramare","id":1740},{"name":"Mirandola","id":1741},{"name":"Mirto Crosia","id":90},{"name":"Misano Adriatico","id":1743},{"name":"Modane","id":1745},{"name":"Modane Fourneaux","id":1746},{"name":"Modena","id":1747},{"name":"Modica","id":1748},{"name":"Modugno","id":3197},{"name":"Mogliano Veneto","id":1753},{"name":"Moiana","id":1754},{"name":"Mola Di Bari","id":1756},{"name":"Molare","id":284},{"name":"Molfetta","id":1757},{"name":"Molina-Castelvecchio Subequo","id":1758},{"name":"Molino Del Pallone","id":1760},{"name":"Molteno","id":1761},{"name":"Mombaldone-Roccaverano","id":1762},{"name":"Mombaruzzo","id":1763},{"name":"Momo","id":1764},{"name":"Monasterace-Stilo","id":91},{"name":"Moncalieri","id":1765},{"name":"Moncalieri Sangone","id":2637},{"name":"Moncalvo","id":1766},{"name":"Mondovi`","id":1769},{"name":"Moneglia","id":285},{"name":"Monfalcone","id":1770},{"name":"Mongardino","id":1771},{"name":"Mongrassano-Cervicati","id":92},{"name":"Monguelfo-Valle Di Casies","id":1773},{"name":"Monopoli","id":1774},{"name":"Monsampolo Del Tronto","id":1448},{"name":"Monselice","id":1776},{"name":"Montagnana","id":1777},{"name":"Montaguto Panni","id":1778},{"name":"Montale Agliana","id":1779},{"name":"Montalto Di Castro","id":1781},{"name":"Montanaro","id":1784},{"name":"Monte Antico","id":1787},{"name":"Monte S.Biagio-Terracina Mare","id":1790},{"name":"Montebello","id":1791},{"name":"Montebelluna","id":1792},{"name":"Montecalvo-Buonalbergo-Casalbore","id":1793},{"name":"Montecarlo S.Salvatore","id":1794},{"name":"Montecarotto-Castelbellino","id":1795},{"name":"Montecastelli","id":5426},{"name":"Montecastelli Ponte Tevere","id":5425},{"name":"Montecastrilli","id":5455},{"name":"Montecatini Centro","id":1796},{"name":"Montecatini Terme-Monsummano","id":1797},{"name":"Montechiaro D`Asti","id":1798},{"name":"Montechiaro Denice","id":1799},{"name":"Montecorona","id":5429},{"name":"Montecorvino","id":1800},{"name":"Montecosaro","id":1801},{"name":"Montefiascone","id":1803},{"name":"Montefredane","id":1804},{"name":"Montegiordano","id":94},{"name":"Montegrosso","id":1805},{"name":"Montello Gorlago","id":1808},{"name":"Montelupo Capraia","id":1809},{"name":"Montemaggiore Belsito","id":1810},{"name":"Montemarciano","id":1812},{"name":"Montenero Petacciato","id":1814},{"name":"Montepaone-Montauro","id":95},{"name":"Montepescali","id":1816},{"name":"Monteprandone","id":1817},{"name":"Montepulciano","id":1818},{"name":"Montereale Valcellina","id":1819},{"name":"Monteroni D'Arbia","id":1821},{"name":"Monterosso","id":286},{"name":"Monterosso Marche","id":1823},{"name":"Monterotondo-Mentana","id":1824},{"name":"Montesanto","id":1825},{"name":"Montesilvano","id":1826},{"name":"Monteu Da Po","id":1827},{"name":"Montevarchi Terranuova","id":1828},{"name":"Monti Telti","id":1830},{"name":"Monticelli D'Ongina","id":1832},{"name":"Monticello D`Alba","id":1833},{"name":"Montiglio Murisengo","id":1834},{"name":"Montirone","id":1835},{"name":"Montoro Forino","id":1837},{"name":"Montoro Superiore","id":1838},{"name":"Montorsi","id":1839},{"name":"Monza","id":1841},{"name":"Monza Sobborghi","id":1842},{"name":"Monzone-Monte Dei Bianchi-Isolano","id":1843},{"name":"Monzuno-Vado","id":1844},{"name":"Morano Sul Po","id":1845},{"name":"Morbegno","id":1846},{"name":"Morengo Bariano","id":1848},{"name":"Morgex","id":1851},{"name":"Mori","id":1852},{"name":"Mornago Cimbro","id":1853},{"name":"Morolo","id":1854},{"name":"Morrea-Castronovo-Rendinara","id":1856},{"name":"Morrovalle Monte S.Giusto","id":1857},{"name":"Mortara","id":1858},{"name":"Mosciano S.Angelo","id":1859},{"name":"Mossa","id":1860},{"name":"Motta Di Livenza","id":3409},{"name":"Motta S.Damiano","id":1863},{"name":"Motta S.Giovanni Lazzaro","id":96},{"name":"Mozia-Birgi","id":2317},{"name":"Mozzecane","id":1865},{"name":"Mulinetti","id":287},{"name":"Muratella","id":1868},{"name":"Murlo","id":1869},{"name":"Musiano-Pian Di Macina","id":783},{"name":"Mussotto","id":1871},{"name":"Muzzana Del Turgnano","id":1872},{"name":"Napoli Afragola","id":4020},{"name":"Napoli Campi Flegrei","id":1873},{"name":"Napoli Centrale","id":1888},{"name":"Napoli Gianturco","id":1874},{"name":"Napoli Mergellina","id":1876},{"name":"Napoli Montesanto","id":1877},{"name":"Napoli Piazza Amedeo","id":1878},{"name":"Napoli Piazza Cavour","id":1879},{"name":"Napoli Piazza Garibaldi","id":1880},{"name":"Napoli Piazza Leopardi","id":1881},{"name":"Napoli S.Giovanni Barra","id":1882},{"name":"Narni Amelia","id":1889},{"name":"Navacchio","id":1893},{"name":"Neive","id":1894},{"name":"Nepezzano-Piano D'Accio","id":2775},{"name":"Nera Montoro","id":1895},{"name":"Nettuno","id":1896},{"name":"Nibbia","id":1897},{"name":"Niccone","id":5427},{"name":"Nichelino","id":1898},{"name":"Nicorvo","id":1899},{"name":"Nicotera","id":97},{"name":"Niscemi","id":1901},{"name":"Nizza Di Sicilia","id":1902},{"name":"Nizza Monferrato","id":1903},{"name":"Noale-Scorze'","id":1904},{"name":"Nocera Inferiore","id":1905},{"name":"Nocera Inferiore Mercato","id":1906},{"name":"Nocera Superiore","id":1907},{"name":"Nocera Tirinese","id":98},{"name":"Nocera Umbra","id":1908},{"name":"Noceto","id":1909},{"name":"Nogara","id":1910},{"name":"Nola","id":1911},{"name":"Nole","id":5040},{"name":"None","id":1912},{"name":"Notaresco","id":1913},{"name":"Noto","id":1914},{"name":"Nova Siri Rotondella","id":99},{"name":"Novara","id":1917},{"name":"Novara-Montalbano-Furnari","id":1918},{"name":"Novate-Mezzola","id":1919},{"name":"Novi Ligure","id":288},{"name":"Nozzano","id":1922},{"name":"Nucetto","id":1923},{"name":"Nuovo Salario","id":1924},{"name":"Nus","id":1925},{"name":"Occhiobello","id":1927},{"name":"Oderzo","id":3407},{"name":"Offida Castel Di Lama","id":1929},{"name":"Oggiono","id":1930},{"name":"Ognina Pes","id":2278},{"name":"Olbia","id":1931},{"name":"Olbia Terranova","id":3231},{"name":"Olcenengo","id":1933},{"name":"Olcio","id":1934},{"name":"Oleggio","id":1935},{"name":"Olevano","id":1936},{"name":"Olgiata","id":3426},{"name":"Olgiate-Calco-Brivio","id":1937},{"name":"Oliveri Tindari","id":1939},{"name":"Olivetta S.Michele","id":290},{"name":"Olmeneta","id":1940},{"name":"Olmi Spercenigo","id":3403},{"name":"Omegna","id":1941},{"name":"Omegna-Crusinallo","id":1942},{"name":"Omignano Salento","id":101},{"name":"Ora","id":1943},{"name":"Orbetello-Monte Argentario","id":1944},{"name":"Ordona","id":1946},{"name":"Oria","id":1947},{"name":"Oricola-Pereto","id":1948},{"name":"Orio Litta","id":1949},{"name":"Oriolo","id":1950},{"name":"Oristano","id":1952},{"name":"Ormea","id":1953},{"name":"Ornavasso","id":1954},{"name":"Orsa","id":3520},{"name":"Orsago","id":1955},{"name":"Orsara Di Puglia","id":1956},{"name":"Orta Miasino","id":1957},{"name":"Ortanova","id":1958},{"name":"Orte","id":1959},{"name":"Ortona","id":1960},{"name":"Orvieto","id":1961},{"name":"Oschiri","id":1962},{"name":"Osimo Castelfidardo","id":1963},{"name":"Osnago","id":1964},{"name":"Osoppo","id":1965},{"name":"Ospedaletto Euganeo","id":1968},{"name":"Ospedaletto Lodigiano","id":1969},{"name":"Ospitale Di Cadore","id":1972},{"name":"Ospitaletto Mantovano","id":1973},{"name":"Ospitaletto Travagliato","id":1974},{"name":"Osteria Nuova","id":1210},{"name":"Ostia Parmense","id":1976},{"name":"Ostiglia","id":1977},{"name":"Ostuni","id":1978},{"name":"Ottavia","id":1979},{"name":"Oulx Cesana Claviere Sestriere","id":1981},{"name":"Ovada","id":292},{"name":"Oviglio","id":1982},{"name":"Ozieri Chilivani","id":1983},{"name":"Ozzano Dell'Emilia","id":3516},{"name":"Ozzano Monferrato","id":1985},{"name":"Ozzano Taro","id":1986},{"name":"Pabillonis","id":1994},{"name":"Pace Del Mela","id":1995},{"name":"Paceco","id":1996},{"name":"Paderno Robbiate","id":1998},{"name":"Padiglione","id":1999},{"name":"Padova","id":2000},{"name":"Paduli Sul Calore","id":2004},{"name":"Paese","id":2005},{"name":"Paese Castagnole","id":2006},{"name":"Paestum","id":104},{"name":"Pagani","id":2007},{"name":"Paganica","id":2008},{"name":"Palagianello","id":2009},{"name":"Palagiano Chiatona","id":2010},{"name":"Palagiano Mottola","id":2011},{"name":"Palazzaccia","id":5431},{"name":"Palazzo Reale-Orleans","id":3462},{"name":"Palazzolo Dello Stella","id":2014},{"name":"Palazzolo Sull'Oglio","id":2015},{"name":"Palazzolo Vercellese","id":2016},{"name":"Palena","id":2017},{"name":"Palermo Aeroporto","id":3463},{"name":"Palermo Brancaccio","id":1990},{"name":"Palermo Cardillo","id":897},{"name":"Palermo Centrale","id":2018},{"name":"Palermo De Gasperi","id":3176},{"name":"Palermo Francia","id":1368},{"name":"Palermo Guadagna","id":2332},{"name":"Palermo La Malfa","id":2804},{"name":"Palermo Liberta'","id":3259},{"name":"Palermo Notarbartolo","id":1992},{"name":"Palermo S.Lorenzo","id":2531},{"name":"Palermo Sferracavallo","id":3177},{"name":"Palermo Tommaso Natale","id":2871},{"name":"Palermo Vespri","id":3033},{"name":"Palestro","id":2019},{"name":"Palidano","id":2020},{"name":"Palizzi","id":105},{"name":"Pallanzeno","id":2021},{"name":"Palma S.Gennaro","id":2023},{"name":"Palmanova","id":2024},{"name":"Palmi","id":106},{"name":"Palmiro Togliatti","id":4042},{"name":"Palombina","id":2027},{"name":"Pantanella","id":2031},{"name":"Pantiere Di Castelbellino","id":2032},{"name":"Paola","id":107},{"name":"Papiano","id":5443},{"name":"Parabiago","id":2033},{"name":"Paratico Sarnico","id":3401},{"name":"Parco Leonardo","id":4026},{"name":"Parghelia","id":108},{"name":"Parma","id":2035},{"name":"Parona Lomellina","id":2036},{"name":"Partinico","id":2037},{"name":"Passignano Sul Trasimeno","id":2038},{"name":"Pastena","id":2082},{"name":"Paterno-S.Pelino","id":2040},{"name":"Patti-S.Piero Patti","id":2044},{"name":"Paulilatino","id":2045},{"name":"Pavia","id":2046},{"name":"Pavia Porta Garibaldi","id":2301},{"name":"Pavona","id":2047},{"name":"Pc Caldiero","id":802},{"name":"Pc Dolce'","id":1250},{"name":"Pc Meana","id":2067},{"name":"Pedaso","id":2080},{"name":"Pederobba Cavaso Possagno","id":2081},{"name":"Pellezzano","id":2084},{"name":"Penango","id":2085},{"name":"Perarolo Di Cadore","id":2086},{"name":"Perca-Plan De Corones","id":723},{"name":"Pergine","id":2088},{"name":"Pergola","id":2089},{"name":"Peri","id":2090},{"name":"Perugia","id":2092},{"name":"Perugia Capitini","id":4084},{"name":"Perugia Pallotta","id":5458},{"name":"Perugia Ponte S.Giovanni","id":2093},{"name":"Perugia S.Anna","id":5459},{"name":"Perugia Silvestrini","id":3474},{"name":"Perugia Universita'","id":3475},{"name":"Pesaro","id":2094},{"name":"Pescara","id":2096},{"name":"Pescara Porta Nuova","id":2097},{"name":"Pescara S.Marco","id":47},{"name":"Pescara Tribunale","id":3057},{"name":"Peschiera Del Garda","id":2099},{"name":"Pescia","id":2100},{"name":"Pescina","id":2101},{"name":"Pescocanale","id":2102},{"name":"Pescolanciano-Chiauci","id":2103},{"name":"Pessione","id":2105},{"name":"Petrosino Strasatti","id":2106},{"name":"Pettenasco","id":2107},{"name":"Pettorano Sul Gizio","id":2109},{"name":"Piacenza","id":2111},{"name":"Piadena","id":2112},{"name":"Pian Del Mugnone","id":3414},{"name":"Pian Di Porto","id":5448},{"name":"Pian Di Venola","id":3523},{"name":"Piana","id":2116},{"name":"Piana Bella Di Montelibretti","id":2117},{"name":"Pianerottolo D'Ariano","id":2120},{"name":"Pianfei","id":2121},{"name":"Piano D'Orta Bolognano","id":2123},{"name":"Piano Orizzontale Dei Giovi","id":294},{"name":"Pianoro","id":2125},{"name":"Pianzano","id":2126},{"name":"Piazza Al Serchio","id":2127},{"name":"Picanello","id":2283},{"name":"Picerno","id":2129},{"name":"Piedimonte-Villa S.Lucia-Aquino","id":3450},{"name":"Piedimulera","id":2131},{"name":"Pierantonio","id":5430},{"name":"Pietra Ligure","id":295},{"name":"Pietrabissara","id":296},{"name":"Pietragalla","id":2133},{"name":"Pietrarsa-S.Giorgio A Cremano","id":2134},{"name":"Pietrasanta","id":2135},{"name":"Pietrelcina","id":2137},{"name":"Pieve Albignola","id":2138},{"name":"Pieve Emanuele","id":1749},{"name":"Pieve Ligure","id":297},{"name":"Pieve Vergonte","id":3350},{"name":"Pievetta","id":2141},{"name":"Pignataro Maggiore","id":2142},{"name":"Pinarolo Po","id":2143},{"name":"Pinerolo","id":2144},{"name":"Pinerolo Olimpica","id":29},{"name":"Pineto Atri","id":2145},{"name":"Pinzano","id":2146},{"name":"Pioltello Limito","id":2147},{"name":"Piombino","id":2148},{"name":"Piombino Dese","id":2149},{"name":"Piombino Marittima","id":2150},{"name":"Piona","id":2151},{"name":"Pioppe Di Salvaro","id":2152},{"name":"Piraineto","id":3439},{"name":"Pisa Centrale","id":2156},{"name":"Pisa/Binari Pisa S.Rossore","id":2157},{"name":"Piscille","id":5270},{"name":"Piscina Di Pinerolo","id":2158},{"name":"Pisciotta Palinuro","id":111},{"name":"Pisticci","id":2160},{"name":"Pistoia","id":2161},{"name":"Pistoia Ovest","id":2162},{"name":"Piteccio","id":2163},{"name":"Pizzale-Lungavilla","id":1596},{"name":"Pizzighettone","id":2164},{"name":"Pizzo","id":112},{"name":"Ploaghe","id":2166},{"name":"Pm Chambave","id":1080},{"name":"Pm Eccellente","id":57},{"name":"Pm Feroleto Antico Pianopoli","id":61},{"name":"Pm Gabella Grande","id":66},{"name":"Pm Isola Capo Rizzuto","id":73},{"name":"Pm Ispra","id":1505},{"name":"Pm Montalto Rose","id":93},{"name":"Pm Montjovet","id":1836},{"name":"Pm Quart","id":2306},{"name":"Pm S.Leonardo Di Cutro","id":147},{"name":"Pm S.Mauro La Bruca","id":148},{"name":"Pm Thurio","id":168},{"name":"Pocapaglia","id":2186},{"name":"Poggibonsi-S.Gimignano","id":2187},{"name":"Poggio Fidoni","id":2189},{"name":"Poggio Imperiale","id":2190},{"name":"Poggio Mirteto","id":2191},{"name":"Poggio Renatico","id":2192},{"name":"Poggio Rusco","id":2193},{"name":"Poggio-Careggine-Vagli","id":2188},{"name":"Poggiridenti-Tresivio-Piateda","id":2195},{"name":"Polesella","id":2197},{"name":"Policastro Bussentino","id":113},{"name":"Policoro Tursi","id":114},{"name":"Polignano A Mare","id":2198},{"name":"Pollenza","id":2199},{"name":"Pollina-S.Mauro Castelverde","id":2200},{"name":"Pomezia-S.Palomba","id":2202},{"name":"Pompei","id":2203},{"name":"Pont-Saint-Martin","id":2204},{"name":"Pontassieve","id":2205},{"name":"Ponte A Elsa","id":2206},{"name":"Ponte A Moriano","id":2207},{"name":"Ponte A Tressa","id":2208},{"name":"Ponte Albanito","id":2209},{"name":"Ponte Casalduni","id":2210},{"name":"Ponte D'Adda","id":2211},{"name":"Ponte D'Adige","id":2212},{"name":"Ponte Della Venturina","id":2213},{"name":"Ponte Di Nona","id":2297},{"name":"Ponte Di Piave","id":3406},{"name":"Ponte Felcino","id":5268},{"name":"Ponte Galeria","id":2215},{"name":"Ponte Gardena-Laion","id":2216},{"name":"Ponte Ginori","id":2217},{"name":"Ponte In Valtellina","id":2218},{"name":"Ponte Nelle Alpi Polpet","id":2219},{"name":"Ponte Pattoli","id":5434},{"name":"Ponte S.Marco-Calcinato","id":2222},{"name":"Ponte S.Pietro","id":2223},{"name":"Ponte S.Stefano","id":3153},{"name":"Ponte Schiavo","id":3154},{"name":"Ponte Valleceppi","id":5438},{"name":"Pontebba","id":2224},{"name":"Pontecagnano","id":2225},{"name":"Pontecchio Marconi","id":2226},{"name":"Pontecurone","id":2228},{"name":"Pontedera Casciana Terme","id":2229},{"name":"Pontelagoscuro","id":2230},{"name":"Pontenure","id":2232},{"name":"Pontetto","id":298},{"name":"Ponti","id":2233},{"name":"Ponticino","id":2234},{"name":"Pontida","id":2235},{"name":"Pontremoli","id":2236},{"name":"Popolano Di Marradi","id":2240},{"name":"Popoli Vittorito","id":2241},{"name":"Populonia","id":2242},{"name":"Porcari","id":2243},{"name":"Pordenone","id":2244},{"name":"Porretta  Terme","id":2245},{"name":"Portacomaro","id":2246},{"name":"Portici-Ercolano","id":2247},{"name":"Porto Ceresio","id":2250},{"name":"Porto D'Ascoli","id":2251},{"name":"Porto Di Vasto","id":2252},{"name":"Porto Empedocle","id":2253},{"name":"Porto Empedocle Succursale","id":3230},{"name":"Porto Recanati","id":2254},{"name":"Porto S.Elpidio","id":2255},{"name":"Porto S.Giorgio Fermo","id":2256},{"name":"Porto Torres","id":2257},{"name":"Porto Torres Marittima","id":2258},{"name":"Porto Valtravaglia","id":2260},{"name":"Portogruaro Caorle","id":2261},{"name":"Portomaggiore","id":2262},{"name":"Possidente","id":2264},{"name":"Postioma","id":2265},{"name":"Potenza Centrale","id":2266},{"name":"Potenza Macchia Romana","id":2267},{"name":"Potenza Picena Montelupone","id":2070},{"name":"Potenza Superiore","id":2268},{"name":"Potenza Universita'","id":426},{"name":"Povo-Mesiano","id":2270},{"name":"Pozzallo","id":2271},{"name":"Pozzolo Formigaro","id":300},{"name":"Pozzuoli Solfatara","id":2272},{"name":"Pozzuolo Martesana","id":380},{"name":"Pracchia","id":2273},{"name":"Praja Ajeta Tortora","id":115},{"name":"Prasco Cremolino","id":301},{"name":"Prata Camportaccio","id":2275},{"name":"Prata Pratola","id":2276},{"name":"Pratignone","id":2277},{"name":"Prato Borgonuovo","id":356},{"name":"Prato Centrale","id":2279},{"name":"Prato Porta Al Serraglio","id":2280},{"name":"Prato Sesia","id":2281},{"name":"Pratola Peligna","id":2285},{"name":"Pratola Peligna Superiore","id":2284},{"name":"Pre'-Saint-Didier","id":2286},{"name":"Preganziol","id":2287},{"name":"Pregnana Milanese","id":381},{"name":"Premosello Chiovenda","id":2290},{"name":"Pretola","id":5437},{"name":"Prezza","id":2291},{"name":"Primolano","id":2292},{"name":"Priola","id":2293},{"name":"Priolo Melilli","id":2294},{"name":"Priverno Fossanova","id":2298},{"name":"Quarona","id":2305},{"name":"Quarto D'Altino","id":2308},{"name":"Quarto Di Marano","id":2309},{"name":"Quattro Venti","id":4033},{"name":"Quattro Ville","id":1243},{"name":"Quercianella-Sonnino","id":2310},{"name":"Quero Vas","id":2311},{"name":"Quiliano-Vado Ligure","id":304},{"name":"Racalmuto","id":2314},{"name":"Racconigi","id":2315},{"name":"Ragusa","id":2318},{"name":"Ragusa Ibla","id":2319},{"name":"Raiano","id":2320},{"name":"Ramazzano","id":5435},{"name":"Ranchi","id":5424},{"name":"Rapallo","id":305},{"name":"Rapolano Terme","id":2323},{"name":"Rastignano","id":3521},{"name":"Ravenna","id":2327},{"name":"Recale","id":2329},{"name":"Recco","id":306},{"name":"Redipuglia","id":2330},{"name":"Reggio Calabria Aeroporto","id":1305},{"name":"Reggio Di Calabria Archi","id":119},{"name":"Reggio Di Calabria Bocale","id":120},{"name":"Reggio Di Calabria Catona","id":121},{"name":"Reggio Di Calabria Centrale","id":116},{"name":"Reggio Di Calabria Gallico","id":122},{"name":"Reggio Di Calabria Lido","id":123},{"name":"Reggio Di Calabria Omeca","id":124},{"name":"Reggio Di Calabria Pellaro","id":125},{"name":"Reggio Di Calabria Pentimele","id":2693},{"name":"Reggio Di Calabria S.Caterina","id":126},{"name":"Reggio Di Calabria S.Gregorio","id":127},{"name":"Reggio Emilia","id":2331},{"name":"Reggio Emilia Av Mediopadana","id":4054},{"name":"Remedello Sopra","id":2335},{"name":"Remedello Sotto","id":2336},{"name":"Renate-Veduggio","id":2337},{"name":"Resana","id":2338},{"name":"Rho","id":2345},{"name":"Rho Fiera","id":3098},{"name":"Riace","id":128},{"name":"Riardo-Pietramelara","id":2349},{"name":"Ricadi-Capo Vaticano","id":129},{"name":"Riccione","id":2350},{"name":"Ridotti-Collepiano","id":2351},{"name":"Rieti","id":2352},{"name":"Rignano Sull'Arno Reggello","id":2354},{"name":"Rigoli","id":2355},{"name":"Rigomagno","id":2356},{"name":"Rigoroso","id":307},{"name":"Rimini","id":2358},{"name":"Rimini Miramare","id":2346},{"name":"Rimini Torre Pedrera","id":2347},{"name":"Rimini Viserba","id":2348},{"name":"Riminifiera","id":3522},{"name":"Rio Di Pusteria","id":2359},{"name":"Riola","id":2361},{"name":"Riomaggiore","id":309},{"name":"Rionero Atella Ripacandida","id":2362},{"name":"Ripabottoni S.Elia","id":2363},{"name":"Ripafratta","id":2364},{"name":"Riparbella","id":2367},{"name":"Risano","id":2368},{"name":"Riva Trigoso","id":310},{"name":"Rivalta Scrivia","id":311},{"name":"Rivarolo","id":5025},{"name":"Rivisondoli-Pescocostanzo","id":2373},{"name":"Robbio","id":2391},{"name":"Robecco-Pontevico","id":2392},{"name":"Robilante","id":2393},{"name":"Rocca D'Evandro-S.Vittore","id":2394},{"name":"Rocca Di Corno","id":2395},{"name":"Rocca Di Fondi","id":2396},{"name":"Rocca Imperiale","id":130},{"name":"Rocca Ravindola","id":2397},{"name":"Roccabernarda","id":131},{"name":"Roccalumera Mandanici","id":2400},{"name":"Roccapalumba-Alia","id":2402},{"name":"Roccaraso","id":2404},{"name":"Roccasecca","id":2405},{"name":"Roccastrada","id":2406},{"name":"Roccavione","id":2408},{"name":"Roccavivi","id":2409},{"name":"Roccella","id":1244},{"name":"Roccella Jonica","id":132},{"name":"Rocchetta Cairo","id":2410},{"name":"Rocchetta S.Antonio-Lacedonia","id":2411},{"name":"Rocchetta Tanaro-Cerro","id":2412},{"name":"Rodallo","id":2413},{"name":"Rolo Novi Fabbrico","id":2415},{"name":"Roma Aurelia","id":2374},{"name":"Roma Balduina","id":2375},{"name":"Roma Monte Mario","id":2377},{"name":"Roma Nomentana Ll","id":3411},{"name":"Roma Nomentana Lm","id":2378},{"name":"Roma Ostiense","id":2379},{"name":"Roma Prenestina","id":2381},{"name":"Roma S.Filippo Neri","id":2382},{"name":"Roma S.Pietro","id":2383},{"name":"Roma Termini","id":2416},{"name":"Roma Tiburtina","id":2385},{"name":"Roma Trastevere","id":2387},{"name":"Roma Tuscolana","id":2388},{"name":"Romagnano Sesia","id":2417},{"name":"Romagnano-Vietri-Salvitelle","id":2418},{"name":"Romano","id":2419},{"name":"Romanore","id":2420},{"name":"Rometta Messinese","id":2421},{"name":"Roncegno Bagni-Marter","id":2423},{"name":"Ronchi Dei Legionari Nord","id":2424},{"name":"Ronco Scrivia","id":313},{"name":"Ronta","id":2427},{"name":"Rosa'","id":2428},{"name":"Rosarno","id":133},{"name":"Roseto Capo Spulico","id":134},{"name":"Roseto Degli Abruzzi","id":2429},{"name":"Rosignano","id":2430},{"name":"Rosolina","id":2431},{"name":"Rosolini","id":2432},{"name":"Rossano","id":135},{"name":"Rossano Veneto","id":2433},{"name":"Rossiglione","id":314},{"name":"Rosta","id":2434},{"name":"Rottofreno","id":2435},{"name":"Rovasenda","id":2436},{"name":"Rovasenda Alta","id":3509},{"name":"Rovato","id":2437},{"name":"Roverbella","id":2438},{"name":"Rovereto","id":2440},{"name":"Roviano","id":2443},{"name":"Rovigliano","id":2444},{"name":"Rovigo","id":2445},{"name":"Rubiera","id":2448},{"name":"Rudalza","id":2449},{"name":"Rufina","id":2451},{"name":"Russi","id":2452},{"name":"S.Agapito Longano","id":2453},{"name":"S.Agata Di Militello","id":2454},{"name":"S.Agata Sul Santerno","id":2455},{"name":"S.Alessio Siculo-Forza D'Agro'","id":2456},{"name":"S.Ambrogio","id":2457},{"name":"S.Andrea Dello Jonio","id":138},{"name":"S.Anna Di Chioggia","id":2460},{"name":"S.Anna Robella","id":2461},{"name":"S.Antimo-S.Arpino","id":2462},{"name":"S.Antonino Di Saluggia","id":2463},{"name":"S.Antonino Vaie","id":2464},{"name":"S.Antonio Mantovano","id":2465},{"name":"S.Bartolomeo-Resina","id":5433},{"name":"S.Benedetto Del Tronto","id":2469},{"name":"S.Benedetto Sambro-Castiglione Pepoli","id":2470},{"name":"S.Benigno","id":5022},{"name":"S.Biagio","id":2473},{"name":"S.Biagio Di Callalta","id":3404},{"name":"S.Bonifacio","id":2474},{"name":"S.Candido","id":2475},{"name":"S.Cassiano","id":2476},{"name":"S.Cassiano Valchiavenna","id":2477},{"name":"S.Cataldo","id":2478},{"name":"S.Caterina Dello Jonio","id":140},{"name":"S.Claudio","id":2479},{"name":"S.Cristina E Bissone","id":2481},{"name":"S.Cristoforo Al Lago-Ischia","id":2480},{"name":"S.Croce Del Lago","id":2482},{"name":"S.Damiano D'Asti","id":2485},{"name":"S.Demetrio De' Vestini","id":2486},{"name":"S.Domenica","id":151},{"name":"S.Dona' Di Piave-Jesolo","id":2489},{"name":"S.Donato Milanese","id":2487},{"name":"S.Donnino Badia","id":2490},{"name":"S.Elena-Este","id":2491},{"name":"S.Ellero","id":2492},{"name":"S.Eurosia","id":2494},{"name":"S.Felice Sul Panaro","id":2495},{"name":"S.Filippo","id":2496},{"name":"S.Flavia-Solunto-Porticello","id":2498},{"name":"S.Frediano A Settimo","id":2500},{"name":"S.Gavino","id":2501},{"name":"S.Gennaro","id":3431},{"name":"S.Germano Vercellese","id":2502},{"name":"S.Giacomo Di Teglio","id":2504},{"name":"S.Giorgio","id":2505},{"name":"S.Giorgio Casale","id":2506},{"name":"S.Giorgio Delle Pertiche","id":2508},{"name":"S.Giorgio Di Nogaro","id":2507},{"name":"S.Giorgio Di Piano","id":2510},{"name":"S.Giovanni Al Natisone","id":2515},{"name":"S.Giovanni Di Casarsa","id":3562},{"name":"S.Giovanni In Croce","id":2513},{"name":"S.Giovanni In Persiceto","id":2516},{"name":"S.Giovanni Valdarno","id":2517},{"name":"S.Giuletta","id":2518},{"name":"S.Giuliano Milanese","id":2520},{"name":"S.Giuliano Piacentino","id":2521},{"name":"S.Giuliano Piemonte","id":2522},{"name":"S.Giuliano Terme","id":2523},{"name":"S.Giuseppe Di Cairo","id":318},{"name":"S.Giustina-Cesio","id":2525},{"name":"S.Giustino","id":5414},{"name":"S.Ilario D'Enza","id":2526},{"name":"S.Lazzaro Di Savena","id":3069},{"name":"S.Liberato","id":2529},{"name":"S.Lorenzo","id":3091},{"name":"S.Lorenzo Maggiore","id":2530},{"name":"S.Lucido Marina","id":142},{"name":"S.Marcellino Frignano","id":2535},{"name":"S.Marco D'Alunzio-Torrenova","id":2536},{"name":"S.Marco Roggiano","id":143},{"name":"S.Marco Vecchio","id":3412},{"name":"S.Margherita Ligure Portofino","id":315},{"name":"S.Maria Capua Vetere","id":2538},{"name":"S.Maria Delle Mole","id":2540},{"name":"S.Maria La Bruna","id":2542},{"name":"S.Maria La Longa","id":2541},{"name":"S.Marinella","id":2544},{"name":"S.Marino","id":2545},{"name":"S.Martino Al Cimino","id":2546},{"name":"S.Martino Buonalbergo","id":2548},{"name":"S.Martino Cava","id":1039},{"name":"S.Martino Di Lupari","id":2549},{"name":"S.Martino In Campo","id":5440},{"name":"S.Martino In Gattara","id":2550},{"name":"S.Maurizio Canavese","id":5038},{"name":"S.Michele","id":3207},{"name":"S.Michele Di Serino","id":2556},{"name":"S.Michele In Bosco","id":2557},{"name":"S.Miniato Fucecchio","id":2558},{"name":"S.Momme'","id":2559},{"name":"S.Nazario","id":2560},{"name":"S.Nicola Tonnara","id":2561},{"name":"S.Nicolo","id":2564},{"name":"S.Paolo Solbrito","id":2568},{"name":"S.Patrizio","id":2569},{"name":"S.Piero A Sieve","id":3377},{"name":"S.Pietro A Maida-Maida","id":145},{"name":"S.Pietro A Vico","id":2571},{"name":"S.Pietro Avellana-Capracotta","id":2572},{"name":"S.Pietro Berbenno","id":2573},{"name":"S.Pietro In Casale","id":2574},{"name":"S.Pietro In Gu'","id":2575},{"name":"S.Pietro Vernotico","id":2576},{"name":"S.Romano-Montopoli-S.Croce","id":2580},{"name":"S.Sebastiano Po","id":2581},{"name":"S.Severa","id":2582},{"name":"S.Severino Marche","id":2583},{"name":"S.Severo","id":2584},{"name":"S.Stefano Belbo","id":2587},{"name":"S.Stefano Di Camastra-Mistretta","id":2588},{"name":"S.Stefano Di Magra","id":2590},{"name":"S.Stefano Lodigiano","id":2589},{"name":"S.Stefano Udinese","id":2591},{"name":"S.Stino Di Livenza","id":2592},{"name":"S.Teresa Di Riva","id":2593},{"name":"S.Teresa Longarini","id":2594},{"name":"S.Trovaso","id":4080},{"name":"S.Vincenzo","id":2597},{"name":"S.Vincenzo Valle Roveto","id":2598},{"name":"S.Vito Al Tagliamento","id":2599},{"name":"S.Vito Dei Normanni","id":2600},{"name":"S.Vito Lanciano","id":2601},{"name":"S.Vittoria","id":2602},{"name":"S.Zeno Folzano","id":2603},{"name":"S.Zenone Al Lambro","id":2604},{"name":"Sacile","id":2605},{"name":"Sacile S.Liberale","id":2606},{"name":"Sagrado","id":2607},{"name":"Saint-Pierre","id":2609},{"name":"Sairano","id":3380},{"name":"Sairano Zinasco","id":2611},{"name":"Sala Al Barro-Galbiate","id":2612},{"name":"Salandra-Grottole","id":2613},{"name":"Salbertrand","id":2614},{"name":"Sale Langhe","id":2615},{"name":"Salemi Gibellina","id":2616},{"name":"Salerno","id":2617},{"name":"Salerno Irno","id":2618},{"name":"Saletto","id":2619},{"name":"Saliceto","id":2620},{"name":"Saline Di Reggio","id":146},{"name":"Salone","id":2621},{"name":"Salorno","id":2622},{"name":"Salsomaggiore Terme","id":2623},{"name":"Saluggia","id":2624},{"name":"Salussola","id":2625},{"name":"Saluzzo","id":2626},{"name":"Salzano Robegano","id":2629},{"name":"Samassi Serrenti","id":2630},{"name":"Samoggia","id":2631},{"name":"Samolaco","id":2632},{"name":"Sampieri","id":2633},{"name":"San Faustino-Casigliano","id":5451},{"name":"San Paolo","id":3155},{"name":"San Polo Matese","id":3200},{"name":"Sandigliano","id":2634},{"name":"Sanfre`","id":2635},{"name":"Sangemini","id":5456},{"name":"Sangiano","id":2636},{"name":"Sanguinetto","id":2638},{"name":"Sanluri Stato","id":2639},{"name":"Sannazzaro","id":2640},{"name":"Sanremo","id":320},{"name":"Sansecondo","id":5421},{"name":"Sansepolcro","id":5460},{"name":"Santarcangelo Di Romagna","id":2466},{"name":"Sante Marie","id":2644},{"name":"Santeramo","id":2646},{"name":"Santhia'","id":2647},{"name":"Santopadre","id":2648},{"name":"Santuario","id":322},{"name":"Sapri","id":153},{"name":"Sarmato","id":2651},{"name":"Sarno","id":2652},{"name":"Sarre","id":2654},{"name":"Sartirana","id":2655},{"name":"Sarzana","id":2656},{"name":"Sassa Tornimparte","id":2657},{"name":"Sassari","id":2658},{"name":"Sasso Marconi","id":2660},{"name":"Sassoferrato Arcevia","id":2661},{"name":"Sassone","id":2662},{"name":"Savigliano","id":2664},{"name":"Savignano Greci","id":2665},{"name":"Savignano Sul Rubicone","id":2666},{"name":"Savona","id":323},{"name":"Scafa S.Valentino-Caramanico Terme","id":2668},{"name":"Scafati","id":2669},{"name":"Scalea S.Domenica Talao","id":154},{"name":"Scaletta Zanclea","id":2672},{"name":"Scanzano Jonico-Montalbano Jonico","id":155},{"name":"Scarlino","id":2676},{"name":"Scerne Di Pineto","id":3560},{"name":"Schio","id":2678},{"name":"Scicli","id":2681},{"name":"Scilla","id":156},{"name":"Scopeti","id":3438},{"name":"Scorcetoli","id":2683},{"name":"Scordia","id":2684},{"name":"Scurcola Marsicana","id":2685},{"name":"Secugnago","id":2686},{"name":"Sedico Bribano","id":2687},{"name":"Segesta Tempio","id":2688},{"name":"Segrate","id":3507},{"name":"Selci Lama","id":5415},{"name":"Sella Di Corno","id":2689},{"name":"Sellia Marina","id":157},{"name":"Senigallia","id":2694},{"name":"Seregno","id":2696},{"name":"Serenissima","id":4041},{"name":"Seriate","id":2697},{"name":"Serino","id":2698},{"name":"Serra S.Quirico","id":2700},{"name":"Serradifalco","id":2701},{"name":"Serralunga Cereseto","id":2702},{"name":"Serramanna Nuraminis","id":2703},{"name":"Serravalle All'Adige","id":2707},{"name":"Serravalle D'Asti","id":2705},{"name":"Serravalle Pistoiese","id":2706},{"name":"Serravalle Scrivia","id":326},{"name":"Sessa Aurunca-Roccamonfina","id":2710},{"name":"Sessano Del Molise","id":2711},{"name":"Sesto Calende","id":2713},{"name":"Sesto Campano","id":2714},{"name":"Sesto Fiorentino","id":2715},{"name":"Sesto S.Giovanni","id":2716},{"name":"Sestri Levante","id":327},{"name":"Settebagni","id":2717},{"name":"Settequerce","id":2718},{"name":"Settime Cinaglio Mombarone","id":2719},{"name":"Settimo","id":2720},{"name":"Settingiano","id":158},{"name":"Sevegliano","id":2722},{"name":"Sezzadio","id":2724},{"name":"Sezze Romano","id":2725},{"name":"Sgurgola","id":2727},{"name":"Sibari","id":159},{"name":"Sicignano Degli Alburni","id":2728},{"name":"Siderno","id":160},{"name":"Sieci","id":2729},{"name":"Siena","id":2730},{"name":"Siena Zona Industriale","id":2731},{"name":"Signa","id":2732},{"name":"Siliqua","id":2734},{"name":"Silla","id":2735},{"name":"Sillavengo","id":2736},{"name":"Silvi","id":2737},{"name":"Simeri Crichi","id":161},{"name":"Sinalunga","id":2738},{"name":"Sipicciano","id":2739},{"name":"Sipicciano S.Nicola","id":2740},{"name":"Siponto","id":2741},{"name":"Siracusa","id":2742},{"name":"Sistiana-Visogliano","id":2744},{"name":"Sizzano","id":2745},{"name":"Soffratta","id":2747},{"name":"Solagna","id":2748},{"name":"Solarolo","id":2749},{"name":"Solarussa","id":2750},{"name":"Solero","id":2751},{"name":"Solfagnano-Parlesca","id":5432},{"name":"Solignano","id":2753},{"name":"Solofra","id":2754},{"name":"Solopaca","id":2756},{"name":"Somma Lombardo","id":2757},{"name":"Sommariva Del Bosco","id":2759},{"name":"Sondrio","id":2760},{"name":"Sora","id":2761},{"name":"Soresina","id":2763},{"name":"Sorgenti Del Peschiera","id":2764},{"name":"Sori","id":328},{"name":"Soverato","id":162},{"name":"Spadafora","id":651},{"name":"Spagnuola","id":2766},{"name":"Sparanise","id":2768},{"name":"Spello","id":2770},{"name":"Spezzano Albanese Terme","id":163},{"name":"Spigno","id":2771},{"name":"Spinazzola","id":2772},{"name":"Spinea","id":4083},{"name":"Spinetoli Colli","id":2773},{"name":"Spinetoli Villa S.Pio X","id":2441},{"name":"Spinetta","id":2774},{"name":"Spoleto","id":2776},{"name":"Spotorno Noli","id":329},{"name":"Spresiano","id":2778},{"name":"Squillace","id":164},{"name":"Squinzano","id":2779},{"name":"St.Dalmas De Tende","id":2780},{"name":"Stabio","id":85099},{"name":"Stanghella","id":2784},{"name":"Stazione Per L'Alpago","id":2785},{"name":"Stezzano","id":3596},{"name":"Sticciano","id":2787},{"name":"Stimigliano","id":2788},{"name":"Strada Casale","id":2789},{"name":"Stradella","id":2790},{"name":"Strambino","id":2791},{"name":"Strassoldo","id":2792},{"name":"Stresa","id":2793},{"name":"Strevi","id":2794},{"name":"Strigno","id":2795},{"name":"Strongoli","id":165},{"name":"Su Canale","id":2797},{"name":"Sulmona","id":2798},{"name":"Sulmona S.Rufina","id":3550},{"name":"Sulmona-Introdacqua","id":2799},{"name":"Suno","id":2800},{"name":"Susa","id":2801},{"name":"Susegana","id":2802},{"name":"Suzzara","id":2803},{"name":"Taggia Arma","id":331},{"name":"Tagliacozzo","id":2805},{"name":"Taino Angera","id":2807},{"name":"Talamona","id":2808},{"name":"Talamone","id":2809},{"name":"Taormina-Giardini","id":2810},{"name":"Taranto","id":2811},{"name":"Tarcento","id":2812},{"name":"Targia","id":2813},{"name":"Tarquinia","id":2815},{"name":"Tarsia","id":166},{"name":"Tarvisio Boscoverde","id":3443},{"name":"Tassignano-Capannori","id":2818},{"name":"Tavazzano","id":2820},{"name":"Teano","id":2822},{"name":"Teglio Veneto","id":2823},{"name":"Telese Cerreto","id":2825},{"name":"Tempio Di Vulcano","id":3461},{"name":"Tende","id":2826},{"name":"Teramo","id":2827},{"name":"Terlano-Andriano","id":2828},{"name":"Terme Euganee-Abano-Montegrotto","id":2829},{"name":"Terme Vigliatore","id":2830},{"name":"Termini Imerese","id":2831},{"name":"Termoli","id":2832},{"name":"Ternate Varano Borghi","id":2833},{"name":"Terni","id":2834},{"name":"Terni Borgo Rivo","id":5457},{"name":"Terni Cospea","id":2835},{"name":"Terno","id":2836},{"name":"Terontola Cortona","id":2837},{"name":"Terracina","id":2838},{"name":"Terrenove","id":2842},{"name":"Terzo Montabone","id":2845},{"name":"Tezze Di Grigno","id":2846},{"name":"Thiene","id":2847},{"name":"Tione Degli Abruzzi","id":2849},{"name":"Tirano","id":2850},{"name":"Tito","id":2852},{"name":"Tivoli","id":2853},{"name":"Tocco Castiglione","id":2867},{"name":"Todi Ponte Naia","id":5449},{"name":"Todi Ponte Rio","id":5386},{"name":"Tolentino","id":2868},{"name":"Tolentino Campus","id":3228},{"name":"Tollo Canosa Sannita","id":2869},{"name":"Tonco Alfiano","id":2872},{"name":"Tor Sapienza","id":2873},{"name":"Tor Vergata","id":3430},{"name":"Tora Presenzano","id":2874},{"name":"Torano Lattarico","id":169},{"name":"Torino Aeroporto Di Caselle","id":5037},{"name":"Torino Corso Grosseto","id":5388},{"name":"Torino Lingotto","id":2855},{"name":"Torino Porta Nuova","id":2876},{"name":"Torino Porta Susa","id":3163},{"name":"Torino Rebaudengo Fossata","id":194},{"name":"Torino Stura","id":2864},{"name":"Torrazza Piemonte","id":2878},{"name":"Torre Annunziata Centrale","id":2879},{"name":"Torre Annunziata Citta'","id":2880},{"name":"Torre De' Picenardi","id":2881},{"name":"Torre Dei Passeri","id":2882},{"name":"Torre Del Greco","id":2883},{"name":"Torre Del Lago Puccini","id":2884},{"name":"Torre In Pietra-Palidoro","id":2886},{"name":"Torre Melissa","id":171},{"name":"Torre Orsaia","id":172},{"name":"Torre Pellice","id":2887},{"name":"Torreberetti","id":2889},{"name":"Torregrotta","id":688},{"name":"Torremezzo Di Falconara","id":173},{"name":"Torricella","id":2892},{"name":"Torricola","id":2893},{"name":"Torrile S.Polo","id":2894},{"name":"Torrione","id":2079},{"name":"Torrita Di Siena","id":2895},{"name":"Tortona","id":332},{"name":"Tortoreto Lido","id":2897},{"name":"Toscano","id":174},{"name":"Trabia","id":2900},{"name":"Traccia","id":3165},{"name":"Trani","id":2902},{"name":"Trapani","id":2903},{"name":"Trappa","id":2904},{"name":"Trappeto","id":2905},{"name":"Travedona Biandronno","id":2906},{"name":"Travesio","id":2907},{"name":"Tre Croci","id":2908},{"name":"Trebaseleghe","id":2140},{"name":"Trebbio","id":5412},{"name":"Trebisacce","id":175},{"name":"Trecate","id":2909},{"name":"Trecella","id":2910},{"name":"Tremestieri","id":2911},{"name":"Trento","id":2912},{"name":"Trento S.Bartolameo","id":4079},{"name":"Trento S.Chiara","id":4030},{"name":"Trepuzzi","id":2914},{"name":"Tresenda-Aprica-Teglio","id":2916},{"name":"Trestina","id":5423},{"name":"Trevi","id":2918},{"name":"Treviglio","id":2919},{"name":"Treviglio Ovest","id":2920},{"name":"Trevignano Signoressa","id":2921},{"name":"Treviso Centrale","id":2922},{"name":"Trezzano Sul Naviglio","id":2923},{"name":"Tricesimo-S.Pelagio","id":2924},{"name":"Trieste Airport","id":3182},{"name":"Trieste Centrale","id":2925},{"name":"Trinita' Bene Vagienna","id":2927},{"name":"Trinitapoli-S.Ferdinando Di Puglia","id":2926},{"name":"Trino Vercellese","id":2928},{"name":"Triuggio-Ponte Albiate","id":2930},{"name":"Trivigno","id":2931},{"name":"Trofarello","id":2932},{"name":"Tromello","id":2934},{"name":"Tronzano","id":2935},{"name":"Tropea","id":176},{"name":"Tufo","id":2948},{"name":"Tuoro Sul Trasimeno","id":2949},{"name":"Tusa","id":2950},{"name":"Udine","id":2956},{"name":"Ugovizza Valbruna","id":2958},{"name":"Umbertide","id":5428},{"name":"Uras Mogoro","id":2960},{"name":"Urbisaglia Sforzacosta","id":2961},{"name":"Vada","id":2964},{"name":"Vaglia","id":3420},{"name":"Vaiano","id":2966},{"name":"Vaio Ospedale","id":3158},{"name":"Vairano-Caianello","id":2967},{"name":"Val D'Ala","id":385},{"name":"Valdaora-Anterselva","id":2970},{"name":"Valenza","id":2973},{"name":"Valle Aurelia","id":3429},{"name":"Valle Dell'Aniene-Mandela-Sambuci","id":1631},{"name":"Valle Di Mercato S.Severino","id":2977},{"name":"Valle Lomellina","id":2976},{"name":"Valle Maddaloni","id":3276},{"name":"Vallecrosia","id":337},{"name":"Valledolmo","id":2978},{"name":"Vallelunga","id":2980},{"name":"Vallo Della Lucania-Castelnuovo","id":177},{"name":"Valmadonna","id":2981},{"name":"Valmadrera","id":2982},{"name":"Valmontone","id":2983},{"name":"Valtopina","id":2985},{"name":"Vandoies","id":2986},{"name":"Vanzago Pogliano","id":2987},{"name":"Vaprio D'Agogna","id":2989},{"name":"Varallo Pombia","id":2990},{"name":"Varallo Sesia","id":2991},{"name":"Varano","id":2992},{"name":"Varazze","id":338},{"name":"Varenna Esino","id":2993},{"name":"Varese","id":2994},{"name":"Varignana","id":2995},{"name":"Vasto S.Salvo","id":2998},{"name":"Vastogirardi","id":2999},{"name":"Velletri","id":3006},{"name":"Venafro","id":3007},{"name":"Venaria Reale Reggia","id":5034},{"name":"Venaria Reale Rigola Stadio","id":5033},{"name":"Venezia Carpenedo","id":3000},{"name":"Venezia Mestre","id":3002},{"name":"Venezia Mestre Gazzera","id":1867},{"name":"Venezia Mestre Olimpia","id":1921},{"name":"Venezia Mestre Ospedale","id":3538},{"name":"Venezia Porto Marghera","id":3004},{"name":"Venezia S.Lucia","id":3009},{"name":"Ventimiglia","id":339},{"name":"Venzone","id":3011},{"name":"Verbania-Pallanza","id":3012},{"name":"Verceia","id":3013},{"name":"Vercelli","id":3014},{"name":"Vercurago S.Girolamo","id":3015},{"name":"Verdello Dalmine","id":3016},{"name":"Vergato","id":3017},{"name":"Vergiate","id":3018},{"name":"Vergnasco","id":3019},{"name":"Vernante","id":3020},{"name":"Vernazza","id":341},{"name":"Vernio Montepiano Cantagallo","id":3021},{"name":"Verolanuova","id":3022},{"name":"Verolengo","id":3023},{"name":"Verona Porta Nuova","id":3025},{"name":"Verona Porta Vescovo","id":3027},{"name":"Verres","id":3030},{"name":"Verzuolo","id":3031},{"name":"Vespolate","id":3032},{"name":"Vetralla","id":3034},{"name":"Vezzano Ligure","id":3035},{"name":"Viadana Bresciana","id":3038},{"name":"Viareggio","id":3039},{"name":"Vibo Marina","id":178},{"name":"Vibo Valentia-Pizzo","id":179},{"name":"Vicchio","id":3042},{"name":"Vicenza","id":3043},{"name":"Vicofertile","id":3045},{"name":"Vicoforte S.Michele","id":3046},{"name":"Vicovaro","id":3047},{"name":"Vidalengo","id":3048},{"name":"Vietri Sul Mare-Amalfi","id":3049},{"name":"Vievola","id":3050},{"name":"Vigevano","id":3053},{"name":"Vigliano Candelo","id":3054},{"name":"Vigliano D'Asti","id":3056},{"name":"Vigna Clara Pes","id":2627},{"name":"Vigna Di Valle","id":3058},{"name":"Vignale","id":3059},{"name":"Vignale Riotorto","id":3060},{"name":"Vignate","id":3061},{"name":"Vigodarzere","id":3062},{"name":"Vigonza Pianiga","id":3064},{"name":"Villa Bonelli","id":3065},{"name":"Villa Claudia","id":3068},{"name":"Villa Del Conte","id":3070},{"name":"Villa Di Tirano","id":3071},{"name":"Villa Literno","id":3072},{"name":"Villa Opicina","id":3073},{"name":"Villa Pitignano","id":5436},{"name":"Villa Raverio","id":3074},{"name":"Villa S.Giovanni","id":183},{"name":"Villa S.Giovanni Cannitello","id":182},{"name":"Villa S.Michele","id":3076},{"name":"Villa S.Sebastiano","id":3077},{"name":"Villabartolomea","id":3079},{"name":"Villabassa-Braies-Val Di Braies","id":3080},{"name":"Villadossola","id":3083},{"name":"Villafranca Di Verona","id":3087},{"name":"Villafranca Tirrena-Saponara","id":3089},{"name":"Villafranca-Bagnone","id":3085},{"name":"Villafranca-Cantarana","id":3086},{"name":"Villalba","id":3090},{"name":"Villamaggiore","id":3092},{"name":"Villamassargia Domusnovas","id":3093},{"name":"Villanova Canavese-Grosso","id":5041},{"name":"Villanova D'Arda","id":3094},{"name":"Villanova D'Ardenghi","id":3095},{"name":"Villanova D'Asti","id":3096},{"name":"Villanova Di Reggiolo","id":3097},{"name":"Villapiana Lido","id":184},{"name":"Villapiana Torre Cerchiara","id":185},{"name":"Villarosa","id":3100},{"name":"Villasanta Parco","id":3101},{"name":"Villasor","id":3102},{"name":"Villaspeciosa Uta","id":3103},{"name":"Villastellone","id":3104},{"name":"Villaverla Montecchio","id":3105},{"name":"Villazzano","id":3106},{"name":"Villeneuve","id":3107},{"name":"Villetta","id":3108},{"name":"Villetta Malagnino","id":3109},{"name":"Villetta S.Romano","id":3110},{"name":"Vilpiano-Nalles","id":3111},{"name":"Vinchiaturo","id":3112},{"name":"Vipiteno-Val Di Vizze","id":3113},{"name":"Visano","id":3114},{"name":"Visone","id":343},{"name":"Viterbo Porta Fiorentina","id":3115},{"name":"Viterbo Porta Romana","id":3116},{"name":"Vittoria","id":3117},{"name":"Vittorio Veneto","id":3118},{"name":"Vittuone Arluno","id":3119},{"name":"Vitulano Foglianise","id":3120},{"name":"Vizzini-Licodia","id":3122},{"name":"Voghera","id":3123},{"name":"Vogogna Ossola","id":3125},{"name":"Volpiano","id":5021},{"name":"Voltana","id":3126},{"name":"Volterra Saline-Pomarance","id":3127},{"name":"Zagarolo","id":3129},{"name":"Zambra","id":3130},{"name":"Zambrone","id":187},{"name":"Zappulla","id":3131},{"name":"Zinasco Nuovo","id":3134},{"name":"Zoagli","id":344}]